{
	"credit": "Created by Lily",
	"textures": {
		"0": "wilderwild:block/brown_shelf_fungus_1",
		"particle": "minecraft:block/brown_mushroom"
	},
	"elements": [
		{
			"from": [7, 0, 4],
			"to": [13, 4, 5],
			"faces": {
				"north": {"uv": [0, 0, 6, 4], "texture": "#0"},
				"east": {"uv": [0, 8, 1, 12], "texture": "#0"},
				"south": {"uv": [0, 4, 6, 8], "texture": "#0"},
				"west": {"uv": [1, 8, 2, 12], "texture": "#0"},
				"up": {"uv": [12, 7, 6, 6], "texture": "#0"},
				"down": {"uv": [12, 7, 6, 8], "texture": "#0"}
			}
		},
		{
			"from": [3, 0, 10],
			"to": [7, 3, 11],
			"faces": {
				"north": {"uv": [6, 0, 10, 3], "texture": "#0"},
				"east": {"uv": [2, 9, 3, 12], "texture": "#0"},
				"south": {"uv": [6, 3, 10, 6], "texture": "#0"},
				"west": {"uv": [3, 9, 4, 12], "texture": "#0"},
				"up": {"uv": [6, 9, 2, 8], "texture": "#0"},
				"down": {"uv": [10, 8, 6, 9], "texture": "#0"}
			}
		}
	]
}