{
	"credit": "Created by Lily",
	"texture_size": [32, 32],
	"textures": {
		"0": "wilderwild:block/brown_shelf_fungus_3",
		"particle": "minecraft:block/brown_mushroom"
	},
	"elements": [
		{
			"from": [7, 0, 0],
			"to": [11, 3, 1],
			"faces": {
				"north": {"uv": [3, 3, 5, 4.5], "texture": "#0"},
				"east": {"uv": [7.5, 1, 8, 2.5], "texture": "#0"},
				"south": {"uv": [0, 4, 2, 5.5], "texture": "#0"},
				"west": {"uv": [2, 7.5, 2.5, 9], "texture": "#0"},
				"up": {"uv": [2, 7.5, 0, 7], "texture": "#0"},
				"down": {"uv": [9, 3, 7, 3.5], "texture": "#0"}
			}
		},
		{
			"from": [2, 0, 1],
			"to": [8, 4, 2],
			"faces": {
				"north": {"uv": [0, 0, 3, 2], "texture": "#0"},
				"east": {"uv": [5, 7, 5.5, 9], "texture": "#0"},
				"south": {"uv": [0, 2, 3, 4], "texture": "#0"},
				"west": {"uv": [5.5, 7, 6, 9], "texture": "#0"},
				"up": {"uv": [5, 6.5, 2, 6], "texture": "#0"},
				"down": {"uv": [9, 4.5, 6, 5], "texture": "#0"}
			}
		},
		{
			"from": [10, 0, 3],
			"to": [15, 3, 4],
			"faces": {
				"north": {"uv": [3, 0, 5.5, 1.5], "texture": "#0"},
				"east": {"uv": [2.5, 7.5, 3, 9], "texture": "#0"},
				"south": {"uv": [3, 1.5, 5.5, 3], "texture": "#0"},
				"west": {"uv": [3, 7.5, 3.5, 9], "texture": "#0"},
				"up": {"uv": [9, 6.5, 6.5, 6], "texture": "#0"},
				"down": {"uv": [9, 6.5, 6.5, 7], "texture": "#0"}
			}
		},
		{
			"from": [8, 0, 5],
			"to": [12, 3, 6],
			"faces": {
				"north": {"uv": [2, 4.5, 4, 6], "texture": "#0"},
				"east": {"uv": [3.5, 7.5, 4, 9], "texture": "#0"},
				"south": {"uv": [4, 4.5, 6, 6], "texture": "#0"},
				"west": {"uv": [4, 7.5, 4.5, 9], "texture": "#0"},
				"up": {"uv": [9, 4, 7, 3.5], "texture": "#0"},
				"down": {"uv": [9, 4, 7, 4.5], "texture": "#0"}
			}
		},
		{
			"from": [1, 0, 7],
			"to": [4, 2, 8],
			"faces": {
				"north": {"uv": [5, 6, 6.5, 7], "texture": "#0"},
				"east": {"uv": [1, 8, 1.5, 9], "texture": "#0"},
				"south": {"uv": [6, 5, 7.5, 6], "texture": "#0"},
				"west": {"uv": [8, 1, 8.5, 2], "texture": "#0"},
				"up": {"uv": [9, 3, 7.5, 2.5], "texture": "#0"},
				"down": {"uv": [9, 5, 7.5, 5.5], "texture": "#0"}
			}
		},
		{
			"from": [10, 0, 9],
			"to": [13, 2, 10],
			"faces": {
				"north": {"uv": [2, 6.5, 3.5, 7.5], "texture": "#0"},
				"east": {"uv": [1.5, 8, 2, 9], "texture": "#0"},
				"south": {"uv": [3.5, 6.5, 5, 7.5], "texture": "#0"},
				"west": {"uv": [6, 8, 6.5, 9], "texture": "#0"},
				"up": {"uv": [9, 6, 7.5, 5.5], "texture": "#0"},
				"down": {"uv": [7.5, 7.5, 6, 8], "texture": "#0"}
			}
		},
		{
			"from": [2, 0, 11],
			"to": [6, 3, 12],
			"faces": {
				"north": {"uv": [5, 3, 7, 4.5], "texture": "#0"},
				"east": {"uv": [4.5, 7.5, 5, 9], "texture": "#0"},
				"south": {"uv": [0, 5.5, 2, 7], "texture": "#0"},
				"west": {"uv": [7.5, 7.5, 8, 9], "texture": "#0"},
				"up": {"uv": [8, 7.5, 6, 7], "texture": "#0"},
				"down": {"uv": [2, 7.5, 0, 8], "texture": "#0"}
			}
		},
		{
			"from": [10, 0, 13],
			"to": [14, 3, 14],
			"faces": {
				"north": {"uv": [5.5, 0, 7.5, 1.5], "texture": "#0"},
				"east": {"uv": [0, 8, 0.5, 9.5], "texture": "#0"},
				"south": {"uv": [5.5, 1.5, 7.5, 3], "texture": "#0"},
				"west": {"uv": [0.5, 8, 1, 9.5], "texture": "#0"},
				"up": {"uv": [9.5, 0.5, 7.5, 0], "texture": "#0"},
				"down": {"uv": [9.5, 0.5, 7.5, 1], "texture": "#0"}
			}
		}
	]
}