{
	"credit": "Created by Lily",
	"texture_size": [32, 32],
	"textures": {
		"0": "wilderwild:block/red_shelf_fungus_2",
		"particle": "minecraft:block/red_mushroom"
	},
	"elements": [
		{
			"from": [2, 0, 0],
			"to": [5, 2, 1],
			"faces": {
				"north": {"uv": [5, 3, 6.5, 4], "texture": "#0"},
				"east": {"uv": [6.5, 3, 7, 4], "texture": "#0"},
				"south": {"uv": [0, 5.5, 1.5, 6.5], "texture": "#0"},
				"west": {"uv": [6.5, 4.5, 7, 5.5], "texture": "#0"},
				"up": {"uv": [6.5, 6.5, 5, 6], "texture": "#0"},
				"down": {"uv": [1.5, 6.5, 0, 7], "texture": "#0"}
			}
		},
		{
			"from": [6, 0, 2],
			"to": [12, 4, 3],
			"faces": {
				"north": {"uv": [0, 0, 3, 2], "texture": "#0"},
				"east": {"uv": [1.5, 5.5, 2, 7.5], "texture": "#0"},
				"south": {"uv": [0, 2, 3, 4], "texture": "#0"},
				"west": {"uv": [2, 6, 2.5, 8], "texture": "#0"},
				"up": {"uv": [8, 4.5, 5, 4], "texture": "#0"},
				"down": {"uv": [8.5, 0, 5.5, 0.5], "texture": "#0"}
			}
		},
		{
			"from": [2, 0, 4],
			"to": [7, 3, 5],
			"faces": {
				"north": {"uv": [3, 0, 5.5, 1.5], "texture": "#0"},
				"east": {"uv": [2.5, 6.5, 3, 8], "texture": "#0"},
				"south": {"uv": [3, 1.5, 5.5, 3], "texture": "#0"},
				"west": {"uv": [3, 6.5, 3.5, 8], "texture": "#0"},
				"up": {"uv": [8, 1, 5.5, 0.5], "texture": "#0"},
				"down": {"uv": [8, 1, 5.5, 1.5], "texture": "#0"}
			}
		},
		{
			"from": [11, 0, 6],
			"to": [15, 3, 7],
			"faces": {
				"north": {"uv": [2, 4.5, 4, 6], "texture": "#0"},
				"east": {"uv": [3.5, 6.5, 4, 8], "texture": "#0"},
				"south": {"uv": [4, 4.5, 6, 6], "texture": "#0"},
				"west": {"uv": [4, 6.5, 4.5, 8], "texture": "#0"},
				"up": {"uv": [7.5, 3, 5.5, 2.5], "texture": "#0"},
				"down": {"uv": [4.5, 6, 2.5, 6.5], "texture": "#0"}
			}
		},
		{
			"from": [4, 0, 11],
			"to": [8, 3, 12],
			"faces": {
				"north": {"uv": [3, 3, 5, 4.5], "texture": "#0"},
				"east": {"uv": [4.5, 6, 5, 7.5], "texture": "#0"},
				"south": {"uv": [0, 4, 2, 5.5], "texture": "#0"},
				"west": {"uv": [6, 4.5, 6.5, 6], "texture": "#0"},
				"up": {"uv": [7.5, 2, 5.5, 1.5], "texture": "#0"},
				"down": {"uv": [7.5, 2, 5.5, 2.5], "texture": "#0"}
			}
		}
	]
}