{
	"credit": "Created by Lily",
	"texture_size": [32, 32],
	"textures": {
		"0": "wilderwild:block/red_shelf_fungus_4",
		"particle": "minecraft:block/red_mushroom"
	},
	"elements": [
		{
			"from": [1, 0, 0],
			"to": [6, 3, 1],
			"faces": {
				"north": {"uv": [0, 4, 2.5, 5.5], "texture": "#0"},
				"east": {"uv": [3.5, 9, 4, 10.5], "texture": "#0"},
				"south": {"uv": [2.5, 4, 5, 5.5], "texture": "#0"},
				"west": {"uv": [9, 7.5, 9.5, 9], "texture": "#0"},
				"up": {"uv": [10.5, 3, 8, 2.5], "texture": "#0"},
				"down": {"uv": [4, 8.5, 1.5, 9], "texture": "#0"}
			}
		},
		{
			"from": [9, 0, 1],
			"to": [15, 4, 2],
			"faces": {
				"north": {"uv": [0, 0, 3, 2], "texture": "#0"},
				"east": {"uv": [4, 8.5, 4.5, 10.5], "texture": "#0"},
				"south": {"uv": [0, 2, 3, 4], "texture": "#0"},
				"west": {"uv": [4.5, 8.5, 5, 10.5], "texture": "#0"},
				"up": {"uv": [9, 3.5, 6, 3], "texture": "#0"},
				"down": {"uv": [9, 3.5, 6, 4], "texture": "#0"}
			}
		},
		{
			"from": [12, 0, 2],
			"to": [16, 3, 3],
			"faces": {
				"north": {"uv": [2.5, 5.5, 4.5, 7], "texture": "#0"},
				"east": {"uv": [8, 9, 8.5, 10.5], "texture": "#0"},
				"south": {"uv": [4.5, 5.5, 6.5, 7], "texture": "#0"},
				"west": {"uv": [8.5, 9, 9, 10.5], "texture": "#0"},
				"up": {"uv": [10.5, 7, 8.5, 6.5], "texture": "#0"},
				"down": {"uv": [3.5, 9, 1.5, 9.5], "texture": "#0"}
			}
		},
		{
			"from": [3, 0, 4],
			"to": [8, 3, 5],
			"faces": {
				"north": {"uv": [5, 4, 7.5, 5.5], "texture": "#0"},
				"east": {"uv": [9, 9, 9.5, 10.5], "texture": "#0"},
				"south": {"uv": [0, 5.5, 2.5, 7], "texture": "#0"},
				"west": {"uv": [0, 9.5, 0.5, 11], "texture": "#0"},
				"up": {"uv": [11, 6, 8.5, 5.5], "texture": "#0"},
				"down": {"uv": [11, 6, 8.5, 6.5], "texture": "#0"}
			}
		},
		{
			"from": [8, 0, 6],
			"to": [11, 2, 7],
			"faces": {
				"north": {"uv": [6, 7, 7.5, 8], "texture": "#0"},
				"east": {"uv": [10, 7.5, 10.5, 8.5], "texture": "#0"},
				"south": {"uv": [7.5, 4, 9, 5], "texture": "#0"},
				"west": {"uv": [10, 8.5, 10.5, 9.5], "texture": "#0"},
				"up": {"uv": [11, 0.5, 9.5, 0], "texture": "#0"},
				"down": {"uv": [2, 9.5, 0.5, 10], "texture": "#0"}
			}
		},
		{
			"from": [12, 0, 7],
			"to": [15, 2, 8],
			"faces": {
				"north": {"uv": [7.5, 7, 9, 8], "texture": "#0"},
				"east": {"uv": [10, 9.5, 10.5, 10.5], "texture": "#0"},
				"south": {"uv": [8, 0, 9.5, 1], "texture": "#0"},
				"west": {"uv": [0.5, 10.5, 1, 11.5], "texture": "#0"},
				"up": {"uv": [11, 1, 9.5, 0.5], "texture": "#0"},
				"down": {"uv": [11, 1.5, 9.5, 2], "texture": "#0"}
			}
		},
		{
			"from": [2, 0, 8],
			"to": [6, 3, 9],
			"faces": {
				"north": {"uv": [6, 0, 8, 1.5], "texture": "#0"},
				"east": {"uv": [2, 9.5, 2.5, 11], "texture": "#0"},
				"south": {"uv": [6, 1.5, 8, 3], "texture": "#0"},
				"west": {"uv": [2.5, 9.5, 3, 11], "texture": "#0"},
				"up": {"uv": [11, 3.5, 9, 3], "texture": "#0"},
				"down": {"uv": [11, 3.5, 9, 4], "texture": "#0"}
			}
		},
		{
			"from": [9, 0, 10],
			"to": [13, 3, 11],
			"faces": {
				"north": {"uv": [6.5, 5.5, 8.5, 7], "texture": "#0"},
				"east": {"uv": [3, 9.5, 3.5, 11], "texture": "#0"},
				"south": {"uv": [0, 7, 2, 8.5], "texture": "#0"},
				"west": {"uv": [6, 9.5, 6.5, 11], "texture": "#0"},
				"up": {"uv": [11, 4.5, 9, 4], "texture": "#0"},
				"down": {"uv": [11, 4.5, 9, 5], "texture": "#0"}
			}
		},
		{
			"from": [4, 0, 12],
			"to": [10, 4, 13],
			"faces": {
				"north": {"uv": [3, 0, 6, 2], "texture": "#0"},
				"east": {"uv": [5, 8.5, 5.5, 10.5], "texture": "#0"},
				"south": {"uv": [3, 2, 6, 4], "texture": "#0"},
				"west": {"uv": [5.5, 8.5, 6, 10.5], "texture": "#0"},
				"up": {"uv": [10.5, 5.5, 7.5, 5], "texture": "#0"},
				"down": {"uv": [11, 1, 8, 1.5], "texture": "#0"}
			}
		},
		{
			"from": [2, 0, 13],
			"to": [5, 2, 14],
			"faces": {
				"north": {"uv": [8, 1.5, 9.5, 2.5], "texture": "#0"},
				"east": {"uv": [1, 10.5, 1.5, 11.5], "texture": "#0"},
				"south": {"uv": [6, 8, 7.5, 9], "texture": "#0"},
				"west": {"uv": [1.5, 10.5, 2, 11.5], "texture": "#0"},
				"up": {"uv": [11, 2.5, 9.5, 2], "texture": "#0"},
				"down": {"uv": [8, 9.5, 6.5, 10], "texture": "#0"}
			}
		},
		{
			"from": [11, 0, 14],
			"to": [14, 2, 15],
			"faces": {
				"north": {"uv": [7.5, 8, 9, 9], "texture": "#0"},
				"east": {"uv": [3.5, 10.5, 4, 11.5], "texture": "#0"},
				"south": {"uv": [0, 8.5, 1.5, 9.5], "texture": "#0"},
				"west": {"uv": [4, 10.5, 4.5, 11.5], "texture": "#0"},
				"up": {"uv": [2, 10.5, 0.5, 10], "texture": "#0"},
				"down": {"uv": [8, 10, 6.5, 10.5], "texture": "#0"}
			}
		},
		{
			"from": [3, 0, 15],
			"to": [7, 3, 16],
			"faces": {
				"north": {"uv": [2, 7, 4, 8.5], "texture": "#0"},
				"east": {"uv": [9.5, 7.5, 10, 9], "texture": "#0"},
				"south": {"uv": [4, 7, 6, 8.5], "texture": "#0"},
				"west": {"uv": [9.5, 9, 10, 10.5], "texture": "#0"},
				"up": {"uv": [8, 9.5, 6, 9], "texture": "#0"},
				"down": {"uv": [11, 7, 9, 7.5], "texture": "#0"}
			}
		}
	]
}