{
	"credit": "Created by Lily",
	"textures": {
		"0": "wilderwild:block/red_shelf_fungus_1",
		"particle": "minecraft:block/red_mushroom"
	},
	"elements": [
		{
			"from": [7, 0, 4],
			"to": [13, 4, 5],
			"faces": {
				"north": {"uv": [0, 4, 6, 8], "texture": "#0"},
				"east": {"uv": [11, 0, 12, 4], "texture": "#0"},
				"south": {"uv": [0, 0, 6, 4], "texture": "#0"},
				"west": {"uv": [10, 0, 11, 4], "texture": "#0"},
				"up": {"uv": [6, 6, 12, 7], "texture": "#0"},
				"down": {"uv": [6, 7, 12, 8], "texture": "#0"}
			}
		},
		{
			"from": [3, 0, 10],
			"to": [7, 3, 11],
			"faces": {
				"north": {"uv": [6, 3, 10, 6], "texture": "#0"},
				"east": {"uv": [13, 0, 14, 3], "texture": "#0"},
				"south": {"uv": [6, 0, 10, 3], "texture": "#0"},
				"west": {"uv": [12, 0, 13, 3], "texture": "#0"},
				"up": {"uv": [6, 6, 10, 7], "texture": "#0"},
				"down": {"uv": [0, 9, 4, 10], "texture": "#0"}
			}
		}
	]
}