{
	"credit": "Made with Blockbench",
	"texture_size": [64, 64],
	"textures": {
		"all": "block/illunite",
		"particle": "block/illunite_cluster"
	},
	"elements": [
		{
			"from": [5, 0, 5],
			"to": [11, 15, 11],
			"faces": {
				"north": {"uv": [0, 0, 1.5, 3.75], "texture": "#all"},
				"east": {"uv": [1.5, 0, 3, 3.75], "texture": "#all"},
				"south": {"uv": [3, 0, 4.5, 3.75], "texture": "#all"},
				"west": {"uv": [0, 3.75, 1.5, 7.5], "texture": "#all"},
				"up": {"uv": [3, 5.25, 1.5, 3.75], "texture": "#all"},
				"down": {"uv": [4.5, 3.75, 3, 5.25], "texture": "#all", "cullface": "down"}
			}
		},
		{
			"from": [6, -2, 3],
			"to": [10, 6, 7],
			"rotation": {"angle": -22.5, "axis": "x", "origin": [0, 0, 0]},
			"faces": {
				"north": {"uv": [4.5, 0, 5.5, 2], "texture": "#all"},
				"east": {"uv": [4.5, 2, 5.5, 4], "texture": "#all"},
				"south": {"uv": [4.5, 4, 5.5, 6], "texture": "#all"},
				"west": {"uv": [1.5, 5.25, 2.5, 7.25], "texture": "#all"},
				"up": {"uv": [5, 8.25, 4, 7.25], "texture": "#all"},
				"down": {"uv": [6, 7.25, 5, 8.25], "texture": "#all", "cullface": "down"}
			}
		},
		{
			"from": [3, -2, 6],
			"to": [7, 6, 10],
			"rotation": {"angle": 22.5, "axis": "z", "origin": [0, 0, 0]},
			"faces": {
				"north": {"uv": [2.5, 5.25, 3.5, 7.25], "texture": "#all"},
				"east": {"uv": [3.5, 5.25, 4.5, 7.25], "texture": "#all"},
				"south": {"uv": [5.5, 0, 6.5, 2], "texture": "#all"},
				"west": {"uv": [5.5, 2, 6.5, 4], "texture": "#all"},
				"up": {"uv": [1, 8.5, 0, 7.5], "texture": "#all"},
				"down": {"uv": [8.5, 4, 7.5, 5], "texture": "#all", "cullface": "down"}
			}
		},
		{
			"from": [6, -5, 10],
			"to": [10, -1, 15],
			"rotation": {"angle": -22.5, "axis": "x", "origin": [0, 0, 0]},
			"faces": {
				"north": {"uv": [7.5, 5, 8.5, 6], "texture": "#all"},
				"east": {"uv": [5.5, 4, 6.75, 5], "texture": "#all"},
				"south": {"uv": [7.5, 6, 8.5, 7], "texture": "#all"},
				"west": {"uv": [5.5, 5, 6.75, 6], "texture": "#all"},
				"up": {"uv": [5.5, 7.25, 4.5, 6], "texture": "#all"},
				"down": {"uv": [6.5, 6, 5.5, 7.25], "texture": "#all", "cullface": "down"}
			}
		},
		{
			"from": [7, 9, 4],
			"to": [9, 18, 6],
			"rotation": {"angle": 45, "axis": "x", "origin": [0, 0, 0]},
			"faces": {
				"north": {"uv": [6.5, 6, 7, 8.25], "texture": "#all"},
				"east": {"uv": [7, 4, 7.5, 6.25], "texture": "#all"},
				"south": {"uv": [7, 6.25, 7.5, 8.5], "texture": "#all"},
				"west": {"uv": [1.5, 7.25, 2, 9.5], "texture": "#all"},
				"up": {"uv": [6.5, 7.75, 6, 7.25], "texture": "#all"},
				"down": {"uv": [1.5, 7.5, 1, 8], "texture": "#all", "cullface": "down"}
			}
		},
		{
			"from": [4, 9, 7],
			"to": [6, 18, 9],
			"rotation": {"angle": -45, "axis": "z", "origin": [0, 0, 0]},
			"faces": {
				"north": {"uv": [2, 7.25, 2.5, 9.5], "texture": "#all"},
				"east": {"uv": [2.5, 7.25, 3, 9.5], "texture": "#all"},
				"south": {"uv": [3, 7.25, 3.5, 9.5], "texture": "#all"},
				"west": {"uv": [3.5, 7.25, 4, 9.5], "texture": "#all"},
				"up": {"uv": [8.25, 1.5, 7.75, 1], "texture": "#all"},
				"down": {"uv": [8.25, 1.5, 7.75, 2], "texture": "#all", "cullface": "down"}
			}
		},
		{
			"from": [10, -5, 6],
			"to": [15, -1, 10],
			"rotation": {"angle": 22.5, "axis": "z", "origin": [0, 0, 0]},
			"faces": {
				"north": {"uv": [6.5, 0, 7.75, 1], "texture": "#all"},
				"east": {"uv": [7.5, 7, 8.5, 8], "texture": "#all"},
				"south": {"uv": [6.5, 1, 7.75, 2], "texture": "#all"},
				"west": {"uv": [7.75, 0, 8.75, 1], "texture": "#all"},
				"up": {"uv": [7.75, 3, 6.5, 2], "texture": "#all"},
				"down": {"uv": [7.75, 3, 6.5, 4], "texture": "#all", "cullface": "down"}
			}
		}
	]
}