{
	"credit": "Created by Lily",
	"texture_size": [64, 64],
	"parent": "block/cross",
	"textures": {
		"0": "biomemakeover:block/tall_red_mushroom_bottom",
		"particle": "minecraft:block/red_mushroom"
	},
	"elements": [
		{
			"from": [-8, 0, 11.3],
			"to": [8, 16, 11.3],
			"rotation": {"angle": 45, "axis": "y", "origin": [0, 0, 0]},
			"faces": {
				"north": {"uv": [0, 0, 4, 4], "texture": "#0"},
				"east": {"uv": [16, 0, 16, 4], "texture": "#0"},
				"south": {"uv": [0, 4, 4, 8], "texture": "#0"},
				"west": {"uv": [16, 0, 16, 4], "texture": "#0"},
				"up": {"uv": [16, 0, 12, 0], "texture": "#0"},
				"down": {"uv": [16, 0, 12, 0], "texture": "#0"}
			}
		},
		{
			"from": [1, 9, 11],
			"to": [4, 12, 14],
			"rotation": {"angle": 0, "axis": "y", "origin": [-1, 0, 0]},
			"faces": {
				"north": {"uv": [8, 0, 8.75, 0.75], "texture": "#0"},
				"east": {"uv": [8, 0.75, 8.75, 1.5], "texture": "#0"},
				"south": {"uv": [8, 1.5, 8.75, 2.25], "texture": "#0"},
				"west": {"uv": [8, 2.25, 8.75, 3], "texture": "#0"},
				"up": {"uv": [9.5, 0.75, 8.75, 0], "texture": "#0"},
				"down": {"uv": [9.5, 0.75, 8.75, 1.5], "texture": "#0"}
			}
		},
		{
			"from": [9, 11, 6],
			"to": [12, 15, 9],
			"rotation": {"angle": 22.5, "axis": "y", "origin": [0, 0, 0]},
			"faces": {
				"north": {"uv": [0, 8, 0.75, 9], "texture": "#0"},
				"east": {"uv": [0, 8, 0.75, 9], "texture": "#0"},
				"south": {"uv": [0, 8, 0.75, 9], "texture": "#0"},
				"west": {"uv": [0, 8, 0.75, 9], "texture": "#0"},
				"up": {"uv": [9.5, 0.75, 8.75, 0], "texture": "#0"},
				"down": {"uv": [9.5, 0.75, 8.75, 1.5], "texture": "#0"}
			}
		},
		{
			"from": [5, 4, 8],
			"to": [8, 7, 11],
			"faces": {
				"north": {"uv": [8, 0, 8.75, 0.75], "texture": "#0"},
				"east": {"uv": [8, 0.75, 8.75, 1.5], "texture": "#0"},
				"south": {"uv": [8, 1.5, 8.75, 2.25], "texture": "#0"},
				"west": {"uv": [8, 2.25, 8.75, 3], "texture": "#0"},
				"up": {"uv": [9.5, 0.75, 8.75, 0], "texture": "#0"},
				"down": {"uv": [9.5, 0.75, 8.75, 1.5], "texture": "#0"}
			}
		},
		{
			"from": [-1, 3, 11],
			"to": [2, 4, 14],
			"rotation": {"angle": 22.5, "axis": "y", "origin": [0, 0, 0]},
			"faces": {
				"north": {"uv": [9.5, 0.25, 10.25, 0.5], "texture": "#0"},
				"east": {"uv": [9.5, 0.25, 10.25, 0.5], "texture": "#0"},
				"south": {"uv": [9.5, 0.25, 10.25, 0.5], "texture": "#0"},
				"west": {"uv": [9.5, 0.25, 10.25, 0.5], "texture": "#0"},
				"up": {"uv": [9.5, 0.75, 8.75, 0], "texture": "#0"},
				"down": {"uv": [9.5, 0.75, 8.75, 1.5], "texture": "#0"}
			}
		},
		{
			"from": [8, 4, 5],
			"to": [11, 6, 8],
			"faces": {
				"north": {"uv": [9.5, 0, 10.25, 0.5], "texture": "#0"},
				"east": {"uv": [9.5, 0, 10.25, 0.5], "texture": "#0"},
				"south": {"uv": [9.5, 0, 10.25, 0.5], "texture": "#0"},
				"west": {"uv": [9.5, 0, 10.25, 0.5], "texture": "#0"},
				"up": {"uv": [9.5, 0.75, 8.75, 0], "texture": "#0"},
				"down": {"uv": [9.5, 0.75, 8.75, 1.5], "texture": "#0"}
			}
		},
		{
			"from": [2, 12, 12],
			"to": [3, 13, 13],
			"rotation": {"angle": 0, "axis": "y", "origin": [-1, 0, 0]},
			"faces": {
				"north": {"uv": [9.75, 0.25, 10, 0.5], "texture": "#0"},
				"east": {"uv": [9.5, 0.25, 9.75, 0.5], "texture": "#0"},
				"south": {"uv": [9.5, 0.25, 9.75, 0.5], "texture": "#0"},
				"west": {"uv": [9.5, 0.25, 9.75, 0.5], "texture": "#0"},
				"up": {"uv": [10, 0.5, 9.75, 0.25], "texture": "#0"},
				"down": {"uv": [16, 0, 15.75, 0.25], "texture": "#0"}
			}
		},
		{
			"from": [6, 7, 9],
			"to": [7, 8, 10],
			"faces": {
				"north": {"uv": [9.5, 0.25, 9.75, 0.5], "texture": "#0"},
				"east": {"uv": [9.5, 0.25, 9.75, 0.5], "texture": "#0"},
				"south": {"uv": [9.75, 0.25, 10, 0.5], "texture": "#0"},
				"west": {"uv": [9.75, 0.25, 10, 0.5], "texture": "#0"},
				"up": {"uv": [9.75, 0.5, 9.5, 0.25], "texture": "#0"},
				"down": {"uv": [16, 0, 15.75, 0.25], "texture": "#0"}
			}
		},
		{
			"from": [0, 4, 12],
			"to": [1, 5, 13],
			"rotation": {"angle": 22.5, "axis": "y", "origin": [0, 0, 0]},
			"faces": {
				"north": {"uv": [9.5, 0.25, 9.75, 0.5], "texture": "#0"},
				"east": {"uv": [9.5, 0.25, 9.75, 0.5], "texture": "#0"},
				"south": {"uv": [9.75, 0.25, 10, 0.5], "texture": "#0"},
				"west": {"uv": [9.5, 0.25, 9.75, 0.5], "texture": "#0"},
				"up": {"uv": [10, 0.5, 9.75, 0.25], "texture": "#0"},
				"down": {"uv": [16, 0, 15.75, 0.25], "texture": "#0"}
			}
		},
		{
			"from": [9, 6, 6],
			"to": [10, 7, 7],
			"faces": {
				"north": {"uv": [9.75, 0.25, 10, 0.5], "texture": "#0"},
				"east": {"uv": [9.5, 0.25, 9.75, 0.5], "texture": "#0"},
				"south": {"uv": [9.5, 0.25, 9.75, 0.5], "texture": "#0"},
				"west": {"uv": [9.75, 0.25, 10, 0.5], "texture": "#0"},
				"up": {"uv": [10, 0.5, 9.75, 0.25], "texture": "#0"},
				"down": {"uv": [16, 0, 15.75, 0.25], "texture": "#0"}
			}
		},
		{
			"from": [10, 15, 7],
			"to": [11, 16, 8],
			"rotation": {"angle": 22.5, "axis": "y", "origin": [0, 0, 0]},
			"faces": {
				"north": {"uv": [9.5, 0.25, 9.75, 0.5], "texture": "#0"},
				"east": {"uv": [9.75, 0.25, 10, 0.5], "texture": "#0"},
				"south": {"uv": [9.5, 0.25, 9.75, 0.5], "texture": "#0"},
				"west": {"uv": [9.75, 0.25, 10, 0.5], "texture": "#0"},
				"up": {"uv": [9.75, 0.5, 9.5, 0.25], "texture": "#0"},
				"down": {"uv": [16, 0, 15.75, 0.25], "texture": "#0"}
			}
		},
		{
			"from": [3.3, 0, 0],
			"to": [19.3, 16, 0],
			"rotation": {"angle": -45, "axis": "y", "origin": [0, 0, 0]},
			"faces": {
				"north": {"uv": [4, 0, 8, 4], "texture": "#0"},
				"east": {"uv": [16, 0, 16, 4], "texture": "#0"},
				"south": {"uv": [4, 4, 8, 8], "texture": "#0"},
				"west": {"uv": [16, 0, 16, 4], "texture": "#0"},
				"up": {"uv": [16, 0, 12, 0], "texture": "#0"},
				"down": {"uv": [16, 0, 12, 0], "texture": "#0"}
			}
		},
		{
			"from": [5, 11, 15],
			"to": [8, 15, 18],
			"rotation": {"angle": 22.5, "axis": "y", "origin": [-1, 0, 1]},
			"faces": {
				"north": {"uv": [0, 8, 0.75, 9], "texture": "#0"},
				"east": {"uv": [0, 8, 0.75, 9], "texture": "#0"},
				"south": {"uv": [0, 8, 0.75, 9], "texture": "#0"},
				"west": {"uv": [0, 8, 0.75, 9], "texture": "#0"},
				"up": {"uv": [9.5, 0.75, 8.75, 0], "texture": "#0"},
				"down": {"uv": [9.5, 0.75, 8.75, 1.5], "texture": "#0"}
			}
		},
		{
			"from": [6, 15, 16],
			"to": [7, 16, 17],
			"rotation": {"angle": 22.5, "axis": "y", "origin": [-1, 0, 1]},
			"faces": {
				"north": {"uv": [9.5, 0.25, 9.75, 0.5], "texture": "#0"},
				"east": {"uv": [9.75, 0.25, 10, 0.5], "texture": "#0"},
				"south": {"uv": [9.5, 0.25, 9.75, 0.5], "texture": "#0"},
				"west": {"uv": [9.75, 0.25, 10, 0.5], "texture": "#0"},
				"up": {"uv": [10, 0.5, 9.75, 0.25], "texture": "#0"},
				"down": {"uv": [9.75, 0.25, 9.5, 0.5], "texture": "#0"}
			}
		},
		{
			"from": [10, 6, 8],
			"to": [13, 8, 11],
			"faces": {
				"north": {"uv": [9.5, 0, 10.25, 0.5], "texture": "#0"},
				"east": {"uv": [9.5, 0, 10.25, 0.5], "texture": "#0"},
				"south": {"uv": [9.5, 0, 10.25, 0.5], "texture": "#0"},
				"west": {"uv": [9.5, 0, 10.25, 0.5], "texture": "#0"},
				"up": {"uv": [9.5, 0.75, 8.75, 0], "texture": "#0"},
				"down": {"uv": [9.5, 0.75, 8.75, 1.5], "texture": "#0"}
			}
		},
		{
			"from": [3.5, 9, 8],
			"to": [4.5, 10, 9],
			"rotation": {"angle": 22.5, "axis": "y", "origin": [0, 0, 0]},
			"faces": {
				"north": {"uv": [9.5, 0.25, 9.75, 0.5], "texture": "#0"},
				"east": {"uv": [9.5, 0.25, 9.75, 0.5], "texture": "#0"},
				"south": {"uv": [9.75, 0.25, 10, 0.5], "texture": "#0"},
				"west": {"uv": [9.5, 0.25, 9.75, 0.5], "texture": "#0"},
				"up": {"uv": [10, 0.5, 9.75, 0.25], "texture": "#0"},
				"down": {"uv": [16, 0, 15.75, 0.25], "texture": "#0"}
			}
		},
		{
			"from": [11, 7, 9],
			"to": [12, 9, 10],
			"faces": {
				"north": {"uv": [9.5, 0.25, 9.75, 0.75], "texture": "#0"},
				"east": {"uv": [9.75, 0.25, 10, 0.75], "texture": "#0"},
				"south": {"uv": [9.75, 0.25, 10, 0.75], "texture": "#0"},
				"west": {"uv": [9.5, 0.25, 9.75, 0.75], "texture": "#0"},
				"up": {"uv": [9.75, 0.5, 9.5, 0.25], "texture": "#0"},
				"down": {"uv": [16, 0, 15.75, 0.25], "texture": "#0"}
			}
		},
		{
			"from": [2.5, 6, 7],
			"to": [5.5, 9, 10],
			"rotation": {"angle": 22.5, "axis": "y", "origin": [0, 0, 0]},
			"faces": {
				"north": {"uv": [8, 0, 8.75, 0.75], "texture": "#0"},
				"east": {"uv": [8, 0.75, 8.75, 1.5], "texture": "#0"},
				"south": {"uv": [8, 1.5, 8.75, 2.25], "texture": "#0"},
				"west": {"uv": [8, 2.25, 8.75, 3], "texture": "#0"},
				"up": {"uv": [9.5, 0.75, 8.75, 0], "texture": "#0"},
				"down": {"uv": [9.5, 0.75, 8.75, 1.5], "texture": "#0"}
			}
		},
		{
			"from": [-0.5, 11, 4],
			"to": [0.5, 13, 5],
			"rotation": {"angle": 45, "axis": "y", "origin": [0, 0, 0]},
			"faces": {
				"north": {"uv": [9.5, 0.25, 9.75, 0.75], "texture": "#0"},
				"east": {"uv": [9.5, 0.25, 9.75, 0.75], "texture": "#0"},
				"south": {"uv": [9.5, 0.25, 9.75, 0.75], "texture": "#0"},
				"west": {"uv": [9.75, 0.25, 10, 0.75], "texture": "#0"},
				"up": {"uv": [10, 0.5, 9.75, 0.25], "texture": "#0"},
				"down": {"uv": [16, 0, 15.75, 0.25], "texture": "#0"}
			}
		},
		{
			"from": [-1.5, 9, 3],
			"to": [1.5, 12, 6],
			"rotation": {"angle": 45, "axis": "y", "origin": [0, 0, 0]},
			"faces": {
				"north": {"uv": [8, 0, 8.75, 0.75], "texture": "#0"},
				"east": {"uv": [8, 0.75, 8.75, 1.5], "texture": "#0"},
				"south": {"uv": [8, 1.5, 8.75, 2.25], "texture": "#0"},
				"west": {"uv": [8, 2.25, 8.75, 3], "texture": "#0"},
				"up": {"uv": [9.5, 0.75, 8.75, 0], "texture": "#0"},
				"down": {"uv": [9.5, 0.75, 8.75, 1.5], "texture": "#0"}
			}
		},
		{
			"from": [4, 3, 6],
			"to": [5, 5, 7],
			"faces": {
				"north": {"uv": [9.75, 0.25, 10, 0.75], "texture": "#0"},
				"east": {"uv": [9.5, 0.25, 9.75, 0.75], "texture": "#0"},
				"south": {"uv": [9.5, 0.25, 9.75, 0.75], "texture": "#0"},
				"west": {"uv": [9.5, 0.25, 9.75, 0.75], "texture": "#0"},
				"up": {"uv": [10, 0.5, 9.75, 0.25], "texture": "#0"},
				"down": {"uv": [16, 0, 15.75, 0.25], "texture": "#0"}
			}
		},
		{
			"from": [3, 3, 5],
			"to": [6, 4, 8],
			"faces": {
				"north": {"uv": [9.5, 0.25, 10.25, 0.5], "texture": "#0"},
				"east": {"uv": [9.5, 0.25, 10.25, 0.5], "texture": "#0"},
				"south": {"uv": [9.5, 0.25, 10.25, 0.5], "texture": "#0"},
				"west": {"uv": [9.5, 0.25, 10.25, 0.5], "texture": "#0"},
				"up": {"uv": [9.5, 0.75, 8.75, 0], "texture": "#0"},
				"down": {"uv": [9.5, 0.75, 8.75, 1.5], "texture": "#0"}
			}
		},
		{
			"from": [10, 0, 7],
			"to": [11, 11, 8],
			"rotation": {"angle": 22.5, "axis": "y", "origin": [0, 0, 0]},
			"faces": {
				"north": {"uv": [9.25, 3.25, 9.5, 6], "texture": "#0"},
				"east": {"uv": [9.25, 3.25, 9.5, 6], "texture": "#0"},
				"south": {"uv": [9.25, 3.25, 9.5, 6], "texture": "#0"},
				"west": {"uv": [9.25, 3.25, 9.5, 6], "texture": "#0"},
				"up": {"uv": [15.75, 0, 16, 0.25], "texture": "#0"},
				"down": {"uv": [9.25, 5.75, 9.5, 6], "texture": "#0"}
			}
		},
		{
			"from": [6, 0, 16],
			"to": [7, 11, 17],
			"rotation": {"angle": 22.5, "axis": "y", "origin": [-1, 0, 1]},
			"faces": {
				"north": {"uv": [8.75, 3.25, 9, 6], "texture": "#0"},
				"east": {"uv": [8.75, 3.25, 9, 6], "texture": "#0"},
				"south": {"uv": [8.75, 3.25, 9, 6], "texture": "#0"},
				"west": {"uv": [8.75, 3.25, 9, 6], "texture": "#0"},
				"up": {"uv": [15.75, 0, 16, 0.25], "texture": "#0"},
				"down": {"uv": [8.75, 5.75, 9, 6], "texture": "#0"}
			}
		},
		{
			"from": [-0.5, 0, 4],
			"to": [0.5, 9, 5],
			"rotation": {"angle": 45, "axis": "y", "origin": [0, 0, 0]},
			"faces": {
				"north": {"uv": [8, 3.25, 8.25, 5.5], "texture": "#0"},
				"east": {"uv": [8, 3.25, 8.25, 5.5], "texture": "#0"},
				"south": {"uv": [8, 3.25, 8.25, 5.5], "texture": "#0"},
				"west": {"uv": [8, 3.25, 8.25, 5.5], "texture": "#0"},
				"up": {"uv": [15.75, 0, 16, 0.25], "texture": "#0"},
				"down": {"uv": [8, 5.25, 8.25, 5.5], "texture": "#0"}
			}
		},
		{
			"from": [2, 0, 12],
			"to": [3, 9, 13],
			"rotation": {"angle": 0, "axis": "y", "origin": [-1, 0, 0]},
			"faces": {
				"north": {"uv": [8, 3.25, 8.25, 5.5], "texture": "#0"},
				"east": {"uv": [8, 3.25, 8.25, 5.5], "texture": "#0"},
				"south": {"uv": [8, 3.25, 8.25, 5.5], "texture": "#0"},
				"west": {"uv": [8, 3.25, 8.25, 5.5], "texture": "#0"},
				"up": {"uv": [15.75, 0, 16, 0.25], "texture": "#0"},
				"down": {"uv": [8, 5.25, 8.25, 5.5], "texture": "#0"}
			}
		},
		{
			"from": [4, 0, 6],
			"to": [5, 3, 7],
			"faces": {
				"north": {"uv": [8.5, 3.25, 8.75, 4], "texture": "#0"},
				"east": {"uv": [8.5, 3.25, 8.75, 4], "texture": "#0"},
				"south": {"uv": [8.5, 3.25, 8.75, 4], "texture": "#0"},
				"west": {"uv": [8.5, 3.25, 8.75, 4], "texture": "#0"},
				"up": {"uv": [15.75, 0, 16, 0.25], "texture": "#0"},
				"down": {"uv": [8.5, 3.75, 8.75, 4], "texture": "#0"}
			}
		},
		{
			"from": [3.5, 0, 8],
			"to": [4.5, 6, 9],
			"rotation": {"angle": 22.5, "axis": "y", "origin": [0, 0, 0]},
			"faces": {
				"north": {"uv": [8.25, 3.25, 8.5, 4.75], "texture": "#0"},
				"east": {"uv": [8.25, 3.25, 8.5, 4.75], "texture": "#0"},
				"south": {"uv": [8.25, 3.25, 8.5, 4.75], "texture": "#0"},
				"west": {"uv": [8.25, 3.25, 8.5, 4.75], "texture": "#0"},
				"up": {"uv": [15.75, 0, 16, 0.25], "texture": "#0"},
				"down": {"uv": [8.25, 4.5, 8.5, 4.75], "texture": "#0"}
			}
		},
		{
			"from": [6, 0, 9],
			"to": [7, 4, 10],
			"faces": {
				"north": {"uv": [8.5, 3.25, 8.75, 4.25], "texture": "#0"},
				"east": {"uv": [8.5, 3.25, 8.75, 4.25], "texture": "#0"},
				"south": {"uv": [8.5, 3.25, 8.75, 4.25], "texture": "#0"},
				"west": {"uv": [8.5, 3.25, 8.75, 4.25], "texture": "#0"},
				"up": {"uv": [15.75, 0, 16, 0.25], "texture": "#0"},
				"down": {"uv": [8.5, 4, 8.75, 4.25], "texture": "#0"}
			}
		},
		{
			"from": [0, 0, 12],
			"to": [1, 3, 13],
			"rotation": {"angle": 22.5, "axis": "y", "origin": [0, 0, 0]},
			"faces": {
				"north": {"uv": [8.5, 3.25, 8.75, 4], "texture": "#0"},
				"east": {"uv": [8.5, 3.25, 8.75, 4], "texture": "#0"},
				"south": {"uv": [8.5, 3.25, 8.75, 4], "texture": "#0"},
				"west": {"uv": [8.5, 3.25, 8.75, 4], "texture": "#0"},
				"up": {"uv": [15.75, 0, 16, 0.25], "texture": "#0"},
				"down": {"uv": [8.5, 3.75, 8.75, 4], "texture": "#0"}
			}
		},
		{
			"from": [9, 0, 6],
			"to": [10, 4, 7],
			"faces": {
				"north": {"uv": [8.5, 3.25, 8.75, 4.25], "texture": "#0"},
				"east": {"uv": [8.5, 3.25, 8.75, 4.25], "texture": "#0"},
				"south": {"uv": [8.5, 3.25, 8.75, 4.25], "texture": "#0"},
				"west": {"uv": [8.5, 3.25, 8.75, 4.25], "texture": "#0"},
				"up": {"uv": [15.75, 0, 16, 0.25], "texture": "#0"},
				"down": {"uv": [8.5, 4, 8.75, 4.25], "texture": "#0"}
			}
		},
		{
			"from": [11, 0, 9],
			"to": [12, 6, 10],
			"faces": {
				"north": {"uv": [8.25, 3.25, 8.5, 4.75], "texture": "#0"},
				"east": {"uv": [8.25, 3.25, 8.5, 4.75], "texture": "#0"},
				"south": {"uv": [8.25, 3.25, 8.5, 4.75], "texture": "#0"},
				"west": {"uv": [8.25, 3.25, 8.5, 4.75], "texture": "#0"},
				"up": {"uv": [15.75, 0, 16, 0.25], "texture": "#0"},
				"down": {"uv": [8.25, 4.5, 8.5, 4.75], "texture": "#0"}
			}
		}
	]
}