{
	"credit": "Created by Lily",
	"texture_size": [64, 64],
	"parent": "block/cross",
	"textures": {
		"1": "biomemakeover:block/tall_brown_mushroom_bottom",
		"particle": "minecraft:block/brown_mushroom"
	},
	"elements": [
		{
			"from": [3.3, 0, 0],
			"to": [19.3, 16, 0],
			"rotation": {"angle": -45, "axis": "y", "origin": [0, 0, 0]},
			"faces": {
				"north": {"uv": [0, 0, 4, 4], "texture": "#1"},
				"east": {"uv": [0, 0, 0, 4], "texture": "#1"},
				"south": {"uv": [0, 4, 4, 8], "texture": "#1"},
				"west": {"uv": [0, 0, 0, 4], "texture": "#1"},
				"up": {"uv": [4, 0, 0, 0], "texture": "#1"},
				"down": {"uv": [4, 0, 0, 0], "texture": "#1"}
			}
		},
		{
			"from": [-8, 0, 11.3],
			"to": [8, 16, 11.3],
			"rotation": {"angle": 45, "axis": "y", "origin": [0, 0, 0]},
			"faces": {
				"north": {"uv": [4, 0, 8, 4], "texture": "#1"},
				"east": {"uv": [0, 0, 0, 4], "texture": "#1"},
				"south": {"uv": [4, 4, 8, 8], "texture": "#1"},
				"west": {"uv": [0, 0, 0, 4], "texture": "#1"},
				"up": {"uv": [4, 0, 0, 0], "texture": "#1"},
				"down": {"uv": [4, 0, 0, 0], "texture": "#1"}
			}
		},
		{
			"from": [9, 7, 2],
			"to": [14, 9, 7],
			"faces": {
				"north": {"uv": [3.5, 8, 4.75, 8.5], "texture": "#1"},
				"east": {"uv": [8, 3.5, 9.25, 4], "texture": "#1"},
				"south": {"uv": [8, 4, 9.25, 4.5], "texture": "#1"},
				"west": {"uv": [8, 4.5, 9.25, 5], "texture": "#1"},
				"up": {"uv": [1.25, 9.25, 0, 8], "texture": "#1"},
				"down": {"uv": [9.25, 0, 8, 1.25], "texture": "#1"}
			}
		},
		{
			"from": [-3, 12, 10],
			"to": [2, 14, 15],
			"rotation": {"angle": 22.5, "axis": "y", "origin": [0, 0, 0]},
			"faces": {
				"north": {"uv": [4.75, 8, 6, 8.5], "texture": "#1"},
				"east": {"uv": [8, 5, 9.25, 5.5], "texture": "#1"},
				"south": {"uv": [8, 5.5, 9.25, 6], "texture": "#1"},
				"west": {"uv": [6, 8, 7.25, 8.5], "texture": "#1"},
				"up": {"uv": [2.5, 9.25, 1.25, 8], "texture": "#1"},
				"down": {"uv": [9.25, 1.25, 8, 2.5], "texture": "#1"}
			}
		},
		{
			"from": [6, 4, 6.5],
			"to": [9, 5, 9.5],
			"faces": {
				"north": {"uv": [5.25, 8.75, 6, 9], "texture": "#1"},
				"east": {"uv": [6, 8.75, 6.75, 9], "texture": "#1"},
				"south": {"uv": [8.75, 6, 9.5, 6.25], "texture": "#1"},
				"west": {"uv": [8.75, 6.25, 9.5, 6.5], "texture": "#1"},
				"up": {"uv": [8.75, 6.75, 8, 6], "texture": "#1"},
				"down": {"uv": [8.75, 6.75, 8, 7.5], "texture": "#1"}
			}
		},
		{
			"from": [7, 14, 6],
			"to": [10, 15, 9],
			"faces": {
				"north": {"uv": [8.75, 7.25, 9.5, 7.5], "texture": "#1"},
				"east": {"uv": [8.75, 7.5, 9.5, 7.75], "texture": "#1"},
				"south": {"uv": [8.75, 7.75, 9.5, 8], "texture": "#1"},
				"west": {"uv": [8.75, 8, 9.5, 8.25], "texture": "#1"},
				"up": {"uv": [8.75, 9, 8, 8.25], "texture": "#1"},
				"down": {"uv": [4.25, 8.5, 3.5, 9.25], "texture": "#1"}
			}
		},
		{
			"from": [3, 6, 11],
			"to": [6, 7, 14],
			"faces": {
				"north": {"uv": [8.75, 6.5, 9.5, 6.75], "texture": "#1"},
				"east": {"uv": [6.75, 8.75, 7.5, 9], "texture": "#1"},
				"south": {"uv": [8.75, 6.75, 9.5, 7], "texture": "#1"},
				"west": {"uv": [8.75, 7, 9.5, 7.25], "texture": "#1"},
				"up": {"uv": [8, 8.75, 7.25, 8], "texture": "#1"},
				"down": {"uv": [8.75, 7.5, 8, 8.25], "texture": "#1"}
			}
		},
		{
			"from": [8, 13, 6],
			"to": [12, 14, 10],
			"rotation": {"angle": 22.5, "axis": "y", "origin": [0, 0, 0]},
			"faces": {
				"north": {"uv": [4.25, 8.5, 5.25, 8.75], "texture": "#1"},
				"east": {"uv": [5.25, 8.5, 6.25, 8.75], "texture": "#1"},
				"south": {"uv": [6.25, 8.5, 7.25, 8.75], "texture": "#1"},
				"west": {"uv": [4.25, 8.75, 5.25, 9], "texture": "#1"},
				"up": {"uv": [3.5, 9, 2.5, 8], "texture": "#1"},
				"down": {"uv": [9, 2.5, 8, 3.5], "texture": "#1"}
			}
		},
		{
			"from": [2, 10, 2],
			"to": [7, 12, 7],
			"faces": {
				"north": {"uv": [4.75, 8, 6, 8.5], "texture": "#1"},
				"east": {"uv": [8, 5, 9.25, 5.5], "texture": "#1"},
				"south": {"uv": [8, 5.5, 9.25, 6], "texture": "#1"},
				"west": {"uv": [6, 8, 7.25, 8.5], "texture": "#1"},
				"up": {"uv": [2.5, 9.25, 1.25, 8], "texture": "#1"},
				"down": {"uv": [9.25, 1.25, 8, 2.5], "texture": "#1"}
			}
		},
		{
			"from": [-1.5, 6, 4.3],
			"to": [1.5, 7, 7.3],
			"rotation": {"angle": 45, "axis": "y", "origin": [0, 0, 0]},
			"faces": {
				"north": {"uv": [8.75, 6.5, 9.5, 6.75], "texture": "#1"},
				"east": {"uv": [6.75, 8.75, 7.5, 9], "texture": "#1"},
				"south": {"uv": [8.75, 6.75, 9.5, 7], "texture": "#1"},
				"west": {"uv": [8.75, 7, 9.5, 7.25], "texture": "#1"},
				"up": {"uv": [8, 8.75, 7.25, 8], "texture": "#1"},
				"down": {"uv": [8.75, 7.5, 8, 8.25], "texture": "#1"}
			}
		},
		{
			"from": [9, 8, 9],
			"to": [14, 10, 14],
			"faces": {
				"north": {"uv": [3.5, 8, 4.75, 8.5], "texture": "#1"},
				"east": {"uv": [8, 3.5, 9.25, 4], "texture": "#1"},
				"south": {"uv": [8, 4, 9.25, 4.5], "texture": "#1"},
				"west": {"uv": [8, 4.5, 9.25, 5], "texture": "#1"},
				"up": {"uv": [1.25, 9.25, 0, 8], "texture": "#1"},
				"down": {"uv": [9.25, 0, 8, 1.25], "texture": "#1"}
			}
		},
		{
			"from": [4, 11, 14],
			"to": [8, 12, 18],
			"rotation": {"angle": 22.5, "axis": "y", "origin": [0, 0, 0]},
			"faces": {
				"north": {"uv": [4.25, 8.5, 5.25, 8.75], "texture": "#1"},
				"east": {"uv": [5.25, 8.5, 6.25, 8.75], "texture": "#1"},
				"south": {"uv": [6.25, 8.5, 7.25, 8.75], "texture": "#1"},
				"west": {"uv": [4.25, 8.75, 5.25, 9], "texture": "#1"},
				"up": {"uv": [3.5, 9, 2.5, 8], "texture": "#1"},
				"down": {"uv": [9, 2.5, 8, 3.5], "texture": "#1"}
			}
		}
	]
}