{
	"credit": "Created by Lily",
	"texture_size": [64, 64],
	"parent": "block/cross",
	"textures": {
		"1": "biomemakeover:block/tall_red_mushroom_top_dfx",
		"particle": "minecraft:block/red_mushroom"
	},
	"elements": [
		{
			"from": [-8, 0, 11.3],
			"to": [8, 16, 11.3],
			"rotation": {"angle": 45, "axis": "y", "origin": [0, 0, 0]},
			"faces": {
				"north": {"uv": [0, 0, 4, 4], "texture": "#1"},
				"east": {"uv": [0, 0, 0, 4], "texture": "#1"},
				"south": {"uv": [0, 4, 4, 8], "texture": "#1"},
				"west": {"uv": [0, 0, 0, 4], "texture": "#1"},
				"up": {"uv": [4, 0, 0, 0], "texture": "#1"},
				"down": {"uv": [4, 0, 0, 0], "texture": "#1"}
			}
		},
		{
			"from": [3.3, 0, 0],
			"to": [19.3, 16, 0],
			"rotation": {"angle": -45, "axis": "y", "origin": [0, 0, 0]},
			"faces": {
				"north": {"uv": [4, 0, 8, 4], "texture": "#1"},
				"east": {"uv": [0, 0, 0, 4], "texture": "#1"},
				"south": {"uv": [4, 4, 8, 8], "texture": "#1"},
				"west": {"uv": [0, 0, 0, 4], "texture": "#1"},
				"up": {"uv": [4, 0, 0, 0], "texture": "#1"},
				"down": {"uv": [4, 0, 0, 0], "texture": "#1"}
			}
		},
		{
			"from": [0, 6, 7.25],
			"to": [8, 9, 15.25],
			"rotation": {"angle": 45, "axis": "y", "origin": [0, 0, 0]},
			"faces": {
				"north": {"uv": [10, 4, 12, 4.75], "texture": "#1"},
				"east": {"uv": [10, 4.75, 12, 5.5], "texture": "#1"},
				"south": {"uv": [5.5, 10, 7.5, 10.75], "texture": "#1"},
				"west": {"uv": [10, 5.5, 12, 6.25], "texture": "#1"},
				"up": {"uv": [4.5, 10, 2.5, 8], "texture": "#1"},
				"down": {"uv": [10, 2.5, 8, 4.5], "texture": "#1"}
			}
		},
		{
			"from": [-7, 3, 8.25],
			"to": [-1, 6, 14.25],
			"rotation": {"angle": 45, "axis": "y", "origin": [0, 0, 0]},
			"faces": {
				"north": {"uv": [7.5, 10, 9, 10.75], "texture": "#1"},
				"east": {"uv": [9, 10, 10.5, 10.75], "texture": "#1"},
				"south": {"uv": [0, 10.5, 1.5, 11.25], "texture": "#1"},
				"west": {"uv": [10.5, 0, 12, 0.75], "texture": "#1"},
				"up": {"uv": [10.5, 10, 9, 8.5], "texture": "#1"},
				"down": {"uv": [4, 10, 2.5, 11.5], "texture": "#1"}
			}
		},
		{
			"from": [1, 9, 8.25],
			"to": [7, 11, 14.25],
			"rotation": {"angle": 45, "axis": "y", "origin": [0, 0, 0]},
			"faces": {
				"north": {"uv": [10.5, 9, 12, 9.5], "texture": "#1"},
				"east": {"uv": [10.5, 9.5, 12, 10], "texture": "#1"},
				"south": {"uv": [10.5, 10, 12, 10.5], "texture": "#1"},
				"west": {"uv": [10.5, 10.5, 12, 11], "texture": "#1"},
				"up": {"uv": [11.5, 4, 10, 2.5], "texture": "#1"},
				"down": {"uv": [5.5, 10, 4, 11.5], "texture": "#1"}
			}
		},
		{
			"from": [-6, 6, 9.25],
			"to": [-2, 8, 13.25],
			"rotation": {"angle": 45, "axis": "y", "origin": [0, 0, 0]},
			"faces": {
				"north": {"uv": [8, 7.5, 9, 8], "texture": "#1"},
				"east": {"uv": [5.5, 10.75, 6.5, 11.25], "texture": "#1"},
				"south": {"uv": [6.5, 10.75, 7.5, 11.25], "texture": "#1"},
				"west": {"uv": [7.5, 10.75, 8.5, 11.25], "texture": "#1"},
				"up": {"uv": [11.5, 1.75, 10.5, 0.75], "texture": "#1"},
				"down": {"uv": [2.5, 10.5, 1.5, 11.5], "texture": "#1"}
			}
		},
		{
			"from": [3, 11, 3],
			"to": [13, 15, 13],
			"faces": {
				"north": {"uv": [6.5, 8, 9, 9], "texture": "#1"},
				"east": {"uv": [8, 6.5, 10.5, 7.5], "texture": "#1"},
				"south": {"uv": [6.5, 9, 9, 10], "texture": "#1"},
				"west": {"uv": [9, 7.5, 11.5, 8.5], "texture": "#1"},
				"up": {"uv": [2.5, 10.5, 0, 8], "texture": "#1"},
				"down": {"uv": [10.5, 0, 8, 2.5], "texture": "#1"}
			}
		},
		{
			"from": [4, 15, 4],
			"to": [12, 17, 12],
			"faces": {
				"north": {"uv": [10.5, 1.75, 12.5, 2.25], "texture": "#1"},
				"east": {"uv": [10.5, 6.25, 12.5, 6.75], "texture": "#1"},
				"south": {"uv": [10.5, 6.75, 12.5, 7.25], "texture": "#1"},
				"west": {"uv": [10.5, 8.5, 12.5, 9], "texture": "#1"},
				"up": {"uv": [6.5, 10, 4.5, 8], "texture": "#1"},
				"down": {"uv": [10, 4.5, 8, 6.5], "texture": "#1"}
			}
		},
		{
			"from": [7.8, 2, 7.8],
			"to": [13.8, 5, 13.8],
			"faces": {
				"north": {"uv": [7.5, 10, 9, 10.75], "texture": "#1"},
				"east": {"uv": [9, 10, 10.5, 10.75], "texture": "#1"},
				"south": {"uv": [0, 10.5, 1.5, 11.25], "texture": "#1"},
				"west": {"uv": [10.5, 0, 12, 0.75], "texture": "#1"},
				"up": {"uv": [10.5, 10, 9, 8.5], "texture": "#1"},
				"down": {"uv": [4, 10, 2.5, 11.5], "texture": "#1"}
			}
		},
		{
			"from": [8.8, 5, 8.8],
			"to": [12.8, 7, 12.8],
			"faces": {
				"north": {"uv": [8, 7.5, 9, 8], "texture": "#1"},
				"east": {"uv": [5.5, 10.75, 6.5, 11.25], "texture": "#1"},
				"south": {"uv": [6.5, 10.75, 7.5, 11.25], "texture": "#1"},
				"west": {"uv": [7.5, 10.75, 8.5, 11.25], "texture": "#1"},
				"up": {"uv": [11.5, 1.75, 10.5, 0.75], "texture": "#1"},
				"down": {"uv": [2.5, 10.5, 1.5, 11.5], "texture": "#1"}
			}
		},
		{
			"from": [3.2, 2, 3.2],
			"to": [7.2, 4, 7.2],
			"faces": {
				"north": {"uv": [8, 7.5, 9, 8], "texture": "#1"},
				"east": {"uv": [5.5, 10.75, 6.5, 11.25], "texture": "#1"},
				"south": {"uv": [6.5, 10.75, 7.5, 11.25], "texture": "#1"},
				"west": {"uv": [7.5, 10.75, 8.5, 11.25], "texture": "#1"},
				"up": {"uv": [11.5, 1.75, 10.5, 0.75], "texture": "#1"},
				"down": {"uv": [2.5, 10.5, 1.5, 11.5], "texture": "#1"}
			}
		}
	]
}