{
	"credit": "Created by Lily",
	"texture_size": [64, 64],
	"parent": "block/cross",
	"textures": {
		"1": "biomemakeover:block/tall_brown_mushroom_top_dfx",
		"particle": "minecraft:block/brown_mushroom"
	},
	"elements": [
		{
			"from": [-8, 0, 11.3],
			"to": [8, 16, 11.3],
			"rotation": {"angle": 45, "axis": "y", "origin": [0, 0, 0]},
			"faces": {
				"north": {"uv": [0, 0, 4, 4], "texture": "#1"},
				"east": {"uv": [0, 0, 0, 4], "texture": "#1"},
				"south": {"uv": [0, 4, 4, 8], "texture": "#1"},
				"west": {"uv": [0, 0, 0, 4], "texture": "#1"},
				"up": {"uv": [4, 0, 0, 0], "texture": "#1"},
				"down": {"uv": [4, 0, 0, 0], "texture": "#1"}
			}
		},
		{
			"from": [3.3, 0, 0],
			"to": [19.3, 16, 0],
			"rotation": {"angle": -45, "axis": "y", "origin": [0, 0, 0]},
			"faces": {
				"north": {"uv": [4, 0, 8, 4], "texture": "#1"},
				"east": {"uv": [0, 0, 0, 4], "texture": "#1"},
				"south": {"uv": [4, 4, 8, 8], "texture": "#1"},
				"west": {"uv": [0, 0, 0, 4], "texture": "#1"},
				"up": {"uv": [4, 0, 0, 0], "texture": "#1"},
				"down": {"uv": [4, 0, 0, 0], "texture": "#1"}
			}
		},
		{
			"from": [8, 2, 8],
			"to": [14, 4, 14],
			"faces": {
				"north": {"uv": [8.25, 8.5, 9.75, 9], "texture": "#1"},
				"east": {"uv": [6.25, 8.75, 7.75, 9.25], "texture": "#1"},
				"south": {"uv": [7.75, 9, 9.25, 9.5], "texture": "#1"},
				"west": {"uv": [5, 9.25, 6.5, 9.75], "texture": "#1"},
				"up": {"uv": [3.5, 9.5, 2, 8], "texture": "#1"},
				"down": {"uv": [9.5, 2, 8, 3.5], "texture": "#1"}
			}
		},
		{
			"from": [4, 12, 4],
			"to": [12, 15, 12],
			"faces": {
				"north": {"uv": [6.25, 8, 8.25, 8.75], "texture": "#1"},
				"east": {"uv": [8, 6.25, 10, 7], "texture": "#1"},
				"south": {"uv": [8, 7, 10, 7.75], "texture": "#1"},
				"west": {"uv": [8.25, 7.75, 10.25, 8.5], "texture": "#1"},
				"up": {"uv": [2, 10, 0, 8], "texture": "#1"},
				"down": {"uv": [10, 0, 8, 2], "texture": "#1"}
			}
		},
		{
			"from": [10.5, 9, 2.5],
			"to": [16.5, 11, 8.5],
			"rotation": {"angle": -22.5, "axis": "y", "origin": [0, 0, 0]},
			"faces": {
				"north": {"uv": [9.25, 5, 10.75, 5.5], "texture": "#1"},
				"east": {"uv": [9.25, 5.5, 10.75, 6], "texture": "#1"},
				"south": {"uv": [9.25, 9, 10.75, 9.5], "texture": "#1"},
				"west": {"uv": [2, 9.5, 3.5, 10], "texture": "#1"},
				"up": {"uv": [5, 9.5, 3.5, 8], "texture": "#1"},
				"down": {"uv": [9.5, 3.5, 8, 5], "texture": "#1"}
			}
		},
		{
			"from": [-2.5, 6, 4.8],
			"to": [2.5, 8, 9.8],
			"rotation": {"angle": 45, "axis": "y", "origin": [0, 0, 0]},
			"faces": {
				"north": {"uv": [6.5, 9.25, 7.75, 9.75], "texture": "#1"},
				"east": {"uv": [9.5, 2, 10.75, 2.5], "texture": "#1"},
				"south": {"uv": [9.5, 2.5, 10.75, 3], "texture": "#1"},
				"west": {"uv": [9.5, 3, 10.75, 3.5], "texture": "#1"},
				"up": {"uv": [6.25, 9.25, 5, 8], "texture": "#1"},
				"down": {"uv": [9.25, 5, 8, 6.25], "texture": "#1"}
			}
		},
		{
			"from": [8, 3, 3],
			"to": [13, 5, 8],
			"faces": {
				"north": {"uv": [6.5, 9.25, 7.75, 9.75], "texture": "#1"},
				"east": {"uv": [9.5, 2, 10.75, 2.5], "texture": "#1"},
				"south": {"uv": [9.5, 2.5, 10.75, 3], "texture": "#1"},
				"west": {"uv": [9.5, 3, 10.75, 3.5], "texture": "#1"},
				"up": {"uv": [6.25, 9.25, 5, 8], "texture": "#1"},
				"down": {"uv": [9.25, 5, 8, 6.25], "texture": "#1"}
			}
		},
		{
			"from": [10, 9, 3],
			"to": [14, 10, 7],
			"faces": {
				"north": {"uv": [6.5, 9.25, 7.75, 9.5], "texture": "#1"},
				"east": {"uv": [9.5, 2, 10.75, 2.25], "texture": "#1"},
				"south": {"uv": [9.5, 2.5, 10.75, 2.75], "texture": "#1"},
				"west": {"uv": [9.5, 3, 10.75, 3.25], "texture": "#1"},
				"up": {"uv": [6.25, 9.25, 5, 8], "texture": "#1"},
				"down": {"uv": [9.25, 5, 8, 6.25], "texture": "#1"}
			}
		},
		{
			"from": [-2, 6, 10],
			"to": [2, 7, 14],
			"rotation": {"angle": 22.5, "axis": "y", "origin": [0, 0, 0]},
			"faces": {
				"north": {"uv": [6.5, 9.25, 7.75, 9.5], "texture": "#1"},
				"east": {"uv": [9.5, 2, 10.75, 2.25], "texture": "#1"},
				"south": {"uv": [9.5, 2.5, 10.75, 2.75], "texture": "#1"},
				"west": {"uv": [9.5, 3, 10.75, 3.25], "texture": "#1"},
				"up": {"uv": [6.25, 9.25, 5, 8], "texture": "#1"},
				"down": {"uv": [9.25, 5, 8, 6.25], "texture": "#1"}
			}
		}
	]
}