{
  "ambientocclusion": false,
  "textures": {
	"particle": "block/lily_pad",
	"pad": "block/lily_pad",
	"root": "wilderwild:block/lily_pad_root",
	"fan": "biomemakeover:block/water_lily"
  },
  "elements": [
	{
	  "from": [
		0,
		0.25,
		0
	  ],
	  "to": [
		16,
		0.25,
		16
	  ],
	  "faces": {
		"up": {
		  "uv": [
			0,
			0,
			16,
			16
		  ],
		  "texture": "#pad",
		  "tintindex": 0
		},
		"down": {
		  "uv": [
			0,
			16,
			16,
			0
		  ],
		  "texture": "#pad",
		  "tintindex": 0
		}
	  }
	},
	{
	  "from": [
		8,
		-15.75,
		0
	  ],
	  "to": [
		8,
		0.25,
		16
	  ],
	  "rotation": {
		"angle": -45,
		"axis": "y",
		"origin": [
		  8,
		  0,
		  8
		],
		"rescale": true
	  },
	  "faces": {
		"east": {
		  "uv": [
			0,
			0,
			16,
			16
		  ],
		  "texture": "#root",
		  "tintindex": 0
		},
		"west": {
		  "uv": [
			0,
			0,
			16,
			16
		  ],
		  "texture": "#root",
		  "tintindex": 0
		}
	  }
	},
	{
	  "from": [
		8,
		-15.75,
		0
	  ],
	  "to": [
		8,
		0.25,
		16
	  ],
	  "rotation": {
		"angle": 45,
		"axis": "y",
		"origin": [
		  8,
		  0,
		  8
		],
		"rescale": true
	  },
	  "faces": {
		"east": {
		  "uv": [
			0,
			0,
			16,
			16
		  ],
		  "texture": "#root",
		  "tintindex": 0
		},
		"west": {
		  "uv": [
			0,
			0,
			16,
			16
		  ],
		  "texture": "#root",
		  "tintindex": 0
		}
	  }
	},
		{
			"from": [7.5, 0.3, 1.5],
			"to": [23.5, 0.3, 17.5],
			"shade": false,
			"rotation": {"angle": 22.5, "axis": "z", "origin": [7.5, 0, 0.7]},
			"faces": {
				"up": {"uv": [0, 0, 16, 16], "rotation": 90, "texture": "#fan"},
				"down": {"uv": [0, 16, 16, 0], "rotation": 270, "texture": "#fan"}
			}
		},
		{
			"from": [-8.5, 0.3, 1.5],
			"to": [7.5, 0.3, 17.5],
			"shade": false,
			"rotation": {"angle": -22.5, "axis": "z", "origin": [7.5, 0, 0.7]},
			"faces": {
				"up": {"uv": [0, 0, 16, 16], "rotation": 270, "texture": "#fan"},
				"down": {"uv": [0, 16, 16, 0], "rotation": 90, "texture": "#fan"}
			}
		},
		{
			"from": [-0.5, 0.3, 9.5],
			"to": [15.5, 0.3, 25.5],
			"shade": false,
			"rotation": {"angle": -22.5, "axis": "x", "origin": [-0.5, 0, 8.7]},
			"faces": {
				"up": {"uv": [16, 16, 0, 0], "texture": "#fan"},
				"down": {"uv": [16, 0, 0, 16], "texture": "#fan"}
			}
		},
		{
			"from": [-0.5, 0.9, -6.5],
			"to": [15.5, 0.9, 9.5],
			"shade": false,
			"rotation": {"angle": 22.5, "axis": "x", "origin": [-0.5, 0.6, 8.7]},
			"faces": {
				"up": {"uv": [0, 0, 16, 16], "texture": "#fan"},
				"down": {"uv": [0, 16, 16, 0], "texture": "#fan"}
			}
		}
  ]
}