{
	"credit": "Created by Lily",
	"texture_size": [32, 32],
	"textures": {
		"1": "biomemakeover:block/wild_mushrooms_2_dfx",
		"particle": "block/red_mushroom"
	},
	"elements": [
		{
			"from": [11, 0, 5],
			"to": [12, 3, 6],
			"faces": {
				"north": {"uv": [3.5, 8, 4, 9.5], "texture": "#1"},
				"east": {"uv": [4, 8, 4.5, 9.5], "texture": "#1"},
				"south": {"uv": [4.5, 8, 5, 9.5], "texture": "#1"},
				"west": {"uv": [0, 9, 0.5, 10.5], "texture": "#1"},
				"up": {"uv": [9.5, 5, 9, 4.5], "texture": "#1"},
				"down": {"uv": [5.5, 9, 5, 9.5], "texture": "#1"}
			}
		},
		{
			"from": [9, 0, 9],
			"to": [10, 6, 10],
			"faces": {
				"north": {"uv": [1.5, 7.5, 2, 10.5], "texture": "#1"},
				"east": {"uv": [2, 7.5, 2.5, 10.5], "texture": "#1"},
				"south": {"uv": [2.5, 8, 3, 11], "texture": "#1"},
				"west": {"uv": [3, 8, 3.5, 11], "texture": "#1"},
				"up": {"uv": [9.5, 5.5, 9, 5], "texture": "#1"},
				"down": {"uv": [6, 9, 5.5, 9.5], "texture": "#1"}
			}
		},
		{
			"from": [5, 0, 7],
			"to": [6, 1, 8],
			"faces": {
				"north": {"uv": [9, 5.5, 9.5, 6], "texture": "#1"},
				"east": {"uv": [6, 9, 6.5, 9.5], "texture": "#1"},
				"south": {"uv": [9, 6, 9.5, 6.5], "texture": "#1"},
				"west": {"uv": [6.5, 9, 7, 9.5], "texture": "#1"},
				"up": {"uv": [9.5, 7, 9, 6.5], "texture": "#1"},
				"down": {"uv": [7.5, 9, 7, 9.5], "texture": "#1"}
			}
		},
		{
			"from": [5, 0, 11],
			"to": [6, 2, 12],
			"faces": {
				"north": {"uv": [0.5, 9, 1, 10], "texture": "#1"},
				"east": {"uv": [1, 9, 1.5, 10], "texture": "#1"},
				"south": {"uv": [9, 2.5, 9.5, 3.5], "texture": "#1"},
				"west": {"uv": [9, 3.5, 9.5, 4.5], "texture": "#1"},
				"up": {"uv": [9.5, 7.5, 9, 7], "texture": "#1"},
				"down": {"uv": [8, 9, 7.5, 9.5], "texture": "#1"}
			}
		},
		{
			"from": [5, 5, 11],
			"to": [6, 6, 12],
			"faces": {
				"north": {"uv": [8, 9, 8.5, 9.5], "texture": "#1"},
				"east": {"uv": [8.5, 9, 9, 9.5], "texture": "#1"},
				"south": {"uv": [9, 9, 9.5, 9.5], "texture": "#1"},
				"west": {"uv": [9.5, 2.5, 10, 3], "texture": "#1"},
				"up": {"uv": [10, 3.5, 9.5, 3], "texture": "#1"},
				"down": {"uv": [4, 9.5, 3.5, 10], "texture": "#1"}
			}
		},
		{
			"from": [9, 3, 3],
			"to": [14, 4, 8],
			"faces": {
				"north": {"uv": [8, 7.5, 10.5, 8], "texture": "#1"},
				"east": {"uv": [8, 8, 10.5, 8.5], "texture": "#1"},
				"south": {"uv": [8, 8.5, 10.5, 9], "texture": "#1"},
				"west": {"uv": [9, 0, 11.5, 0.5], "texture": "#1"},
				"up": {"uv": [2.5, 2.5, 0, 0], "texture": "#1"},
				"down": {"uv": [2.5, 2.5, 0, 5], "texture": "#1"}
			}
		},
		{
			"from": [7, 6, 7],
			"to": [12, 8, 12],
			"faces": {
				"north": {"uv": [2.5, 5, 5, 6], "texture": "#1"},
				"east": {"uv": [5, 2.5, 7.5, 3.5], "texture": "#1"},
				"south": {"uv": [5, 3.5, 7.5, 4.5], "texture": "#1"},
				"west": {"uv": [5, 4.5, 7.5, 5.5], "texture": "#1"},
				"up": {"uv": [5, 2.5, 2.5, 0], "texture": "#1"},
				"down": {"uv": [5, 2.5, 2.5, 5], "texture": "#1"}
			}
		},
		{
			"from": [3, 1, 5],
			"to": [8, 3, 10],
			"faces": {
				"north": {"uv": [5, 5.5, 7.5, 6.5], "texture": "#1"},
				"east": {"uv": [2.5, 6, 5, 7], "texture": "#1"},
				"south": {"uv": [5, 6.5, 7.5, 7.5], "texture": "#1"},
				"west": {"uv": [2.5, 7, 5, 8], "texture": "#1"},
				"up": {"uv": [2.5, 7.5, 0, 5], "texture": "#1"},
				"down": {"uv": [7.5, 0, 5, 2.5], "texture": "#1"}
			}
		},
		{
			"from": [4, 3, 6],
			"to": [7, 4, 9],
			"faces": {
				"north": {"uv": [9, 0.5, 10.5, 1], "texture": "#1"},
				"east": {"uv": [9, 1, 10.5, 1.5], "texture": "#1"},
				"south": {"uv": [9, 1.5, 10.5, 2], "texture": "#1"},
				"west": {"uv": [9, 2, 10.5, 2.5], "texture": "#1"},
				"up": {"uv": [1.5, 9, 0, 7.5], "texture": "#1"},
				"down": {"uv": [9, 0, 7.5, 1.5], "texture": "#1"}
			}
		},
		{
			"from": [4, 2, 10],
			"to": [7, 5, 13],
			"faces": {
				"north": {"uv": [7.5, 1.5, 9, 3], "texture": "#1"},
				"east": {"uv": [7.5, 3, 9, 4.5], "texture": "#1"},
				"south": {"uv": [7.5, 4.5, 9, 6], "texture": "#1"},
				"west": {"uv": [5, 7.5, 6.5, 9], "texture": "#1"},
				"up": {"uv": [9, 7.5, 7.5, 6], "texture": "#1"},
				"down": {"uv": [8, 7.5, 6.5, 9], "texture": "#1"}
			}
		}
	]
}