{
	"credit": "Created by Lily",
	"texture_size": [32, 32],
	"textures": {
		"1": "biomemakeover:block/wild_mushrooms_1_dfx",
		"particle": "block/red_mushroom"
	},
	"elements": [
		{
			"from": [7, 0, 7],
			"to": [9, 6, 9],
			"faces": {
				"north": {"uv": [2, 7.5, 3, 10.5], "texture": "#1"},
				"east": {"uv": [3, 7.5, 4, 10.5], "texture": "#1"},
				"south": {"uv": [4, 7.5, 5, 10.5], "texture": "#1"},
				"west": {"uv": [7.5, 7, 8.5, 10], "texture": "#1"},
				"up": {"uv": [7.5, 10, 6.5, 9], "texture": "#1"},
				"down": {"uv": [6.5, 10.5, 5.5, 11.5], "texture": "#1"}
			}
		},
		{
			"from": [5, 6, 5],
			"to": [11, 9, 11],
			"faces": {
				"north": {"uv": [5.5, 2.5, 8.5, 4], "texture": "#1"},
				"east": {"uv": [5.5, 4, 8.5, 5.5], "texture": "#1"},
				"south": {"uv": [5.5, 5.5, 8.5, 7], "texture": "#1"},
				"west": {"uv": [0, 6, 3, 7.5], "texture": "#1"},
				"up": {"uv": [3, 3, 0, 0], "texture": "#1"},
				"down": {"uv": [3, 3, 0, 6], "texture": "#1"}
			}
		},
		{
			"from": [6, 9, 6],
			"to": [10, 11, 10],
			"faces": {
				"north": {"uv": [6.5, 10, 8.5, 11], "texture": "#1"},
				"east": {"uv": [10, 7, 12, 8], "texture": "#1"},
				"south": {"uv": [10, 8, 12, 9], "texture": "#1"},
				"west": {"uv": [8.5, 10, 10.5, 11], "texture": "#1"},
				"up": {"uv": [7.5, 9, 5.5, 7], "texture": "#1"},
				"down": {"uv": [2, 7.5, 0, 9.5], "texture": "#1"}
			}
		},
		{
			"from": [6, 0, 16],
			"to": [7, 4, 17],
			"rotation": {"angle": 22.5, "axis": "y", "origin": [0, 0, 0]},
			"faces": {
				"north": {"uv": [0, 11, 0.5, 13], "texture": "#1"},
				"east": {"uv": [0.5, 11, 1, 13], "texture": "#1"},
				"south": {"uv": [1, 11, 1.5, 13], "texture": "#1"},
				"west": {"uv": [3, 11, 3.5, 13], "texture": "#1"},
				"up": {"uv": [8.5, 2.5, 8, 2], "texture": "#1"},
				"down": {"uv": [7.5, 11, 7, 11.5], "texture": "#1"}
			}
		},
		{
			"from": [4, 4, 14],
			"to": [9, 6, 19],
			"rotation": {"angle": 22.5, "axis": "y", "origin": [0, 0, 0]},
			"faces": {
				"north": {"uv": [8, 0, 10.5, 1], "texture": "#1"},
				"east": {"uv": [8, 1, 10.5, 2], "texture": "#1"},
				"south": {"uv": [8.5, 2, 11, 3], "texture": "#1"},
				"west": {"uv": [8.5, 3, 11, 4], "texture": "#1"},
				"up": {"uv": [5.5, 2.5, 3, 0], "texture": "#1"},
				"down": {"uv": [5.5, 2.5, 3, 5], "texture": "#1"}
			}
		},
		{
			"from": [3, 3, 3],
			"to": [8, 4, 8],
			"faces": {
				"north": {"uv": [3, 10.5, 5.5, 11], "texture": "#1"},
				"east": {"uv": [10.5, 10, 13, 10.5], "texture": "#1"},
				"south": {"uv": [10.5, 10.5, 13, 11], "texture": "#1"},
				"west": {"uv": [11, 2, 13.5, 2.5], "texture": "#1"},
				"up": {"uv": [5.5, 7.5, 3, 5], "texture": "#1"},
				"down": {"uv": [8, 0, 5.5, 2.5], "texture": "#1"}
			}
		},
		{
			"from": [4, 0, 12],
			"to": [5, 2, 13],
			"faces": {
				"north": {"uv": [1.5, 9.5, 2, 10.5], "texture": "#1"},
				"east": {"uv": [4.5, 11, 5, 12], "texture": "#1"},
				"south": {"uv": [5, 11, 5.5, 12], "texture": "#1"},
				"west": {"uv": [6.5, 11, 7, 12], "texture": "#1"},
				"up": {"uv": [8, 11.5, 7.5, 11], "texture": "#1"},
				"down": {"uv": [8.5, 11, 8, 11.5], "texture": "#1"}
			}
		},
		{
			"from": [4, 5, 12],
			"to": [5, 6, 13],
			"faces": {
				"north": {"uv": [8.5, 11, 9, 11.5], "texture": "#1"},
				"east": {"uv": [9, 11, 9.5, 11.5], "texture": "#1"},
				"south": {"uv": [9.5, 11, 10, 11.5], "texture": "#1"},
				"west": {"uv": [10, 11, 10.5, 11.5], "texture": "#1"},
				"up": {"uv": [11, 11.5, 10.5, 11], "texture": "#1"},
				"down": {"uv": [11.5, 11, 11, 11.5], "texture": "#1"}
			}
		},
		{
			"from": [3, 2, 11],
			"to": [6, 5, 14],
			"faces": {
				"north": {"uv": [8.5, 4, 10, 5.5], "texture": "#1"},
				"east": {"uv": [8.5, 5.5, 10, 7], "texture": "#1"},
				"south": {"uv": [8.5, 7, 10, 8.5], "texture": "#1"},
				"west": {"uv": [8.5, 8.5, 10, 10], "texture": "#1"},
				"up": {"uv": [6.5, 10.5, 5, 9], "texture": "#1"},
				"down": {"uv": [1.5, 9.5, 0, 11], "texture": "#1"}
			}
		},
		{
			"from": [5, 0, 5],
			"to": [6, 3, 6],
			"faces": {
				"north": {"uv": [5, 7.5, 5.5, 9], "texture": "#1"},
				"east": {"uv": [11, 2.5, 11.5, 4], "texture": "#1"},
				"south": {"uv": [3.5, 11, 4, 12.5], "texture": "#1"},
				"west": {"uv": [4, 11, 4.5, 12.5], "texture": "#1"},
				"up": {"uv": [2, 12, 1.5, 11.5], "texture": "#1"},
				"down": {"uv": [2.5, 11.5, 2, 12], "texture": "#1"}
			}
		},
		{
			"from": [4, 0, 11],
			"to": [5, 1, 12],
			"rotation": {"angle": 45, "axis": "y", "origin": [0, 0, 0]},
			"faces": {
				"north": {"uv": [2.5, 11.5, 3, 12], "texture": "#1"},
				"east": {"uv": [11.5, 2.5, 12, 3], "texture": "#1"},
				"south": {"uv": [11.5, 3, 12, 3.5], "texture": "#1"},
				"west": {"uv": [11.5, 3.5, 12, 4], "texture": "#1"},
				"up": {"uv": [12, 4.5, 11.5, 4], "texture": "#1"},
				"down": {"uv": [12, 4.5, 11.5, 5], "texture": "#1"}
			}
		},
		{
			"from": [4, 3, 11],
			"to": [5, 4, 12],
			"rotation": {"angle": 45, "axis": "y", "origin": [0, 0, 0]},
			"faces": {
				"north": {"uv": [11.5, 5, 12, 5.5], "texture": "#1"},
				"east": {"uv": [5.5, 11.5, 6, 12], "texture": "#1"},
				"south": {"uv": [11.5, 5.5, 12, 6], "texture": "#1"},
				"west": {"uv": [6, 11.5, 6.5, 12], "texture": "#1"},
				"up": {"uv": [12, 6.5, 11.5, 6], "texture": "#1"},
				"down": {"uv": [12, 6.5, 11.5, 7], "texture": "#1"}
			}
		},
		{
			"from": [3, 1, 10],
			"to": [6, 3, 13],
			"rotation": {"angle": 45, "axis": "y", "origin": [0, 0, 0]},
			"faces": {
				"north": {"uv": [10, 9, 11.5, 10], "texture": "#1"},
				"east": {"uv": [10.5, 0, 12, 1], "texture": "#1"},
				"south": {"uv": [10.5, 1, 12, 2], "texture": "#1"},
				"west": {"uv": [1.5, 10.5, 3, 11.5], "texture": "#1"},
				"up": {"uv": [11.5, 5.5, 10, 4], "texture": "#1"},
				"down": {"uv": [11.5, 5.5, 10, 7], "texture": "#1"}
			}
		}
	]
}