{
	"credit": "Created by Lily",
	"texture_size": [32, 32],
	"textures": {
		"0": "biomemakeover:block/wild_mushrooms_3_dfx",
		"particle": "block/red_mushroom"
	},
	"elements": [
		{
			"from": [-1, 0, 4],
			"to": [0, 5, 5],
			"rotation": {"angle": 45, "axis": "y", "origin": [0, 0, 0]},
			"faces": {
				"north": {"uv": [8, 11, 8.5, 13.5], "texture": "#0"},
				"east": {"uv": [8.5, 11, 9, 13.5], "texture": "#0"},
				"south": {"uv": [9, 11, 9.5, 13.5], "texture": "#0"},
				"west": {"uv": [9.5, 11, 10, 13.5], "texture": "#0"},
				"up": {"uv": [10, 7.5, 9.5, 7], "texture": "#0"},
				"down": {"uv": [7.5, 12.5, 7, 13], "texture": "#0"}
			}
		},
		{
			"from": [-2, 0, 12],
			"to": [-1, 1, 13],
			"rotation": {"angle": 22.5, "axis": "y", "origin": [0, 0, 0]},
			"faces": {
				"north": {"uv": [7.5, 12.5, 8, 13], "texture": "#0"},
				"east": {"uv": [12.5, 10, 13, 10.5], "texture": "#0"},
				"south": {"uv": [12.5, 10.5, 13, 11], "texture": "#0"},
				"west": {"uv": [12.5, 11, 13, 11.5], "texture": "#0"},
				"up": {"uv": [13, 12, 12.5, 11.5], "texture": "#0"},
				"down": {"uv": [3, 13, 2.5, 13.5], "texture": "#0"}
			}
		},
		{
			"from": [12, 0, 11],
			"to": [13, 1, 12],
			"faces": {
				"north": {"uv": [4, 13, 4.5, 13.5], "texture": "#0"},
				"east": {"uv": [13, 4, 13.5, 4.5], "texture": "#0"},
				"south": {"uv": [13, 4.5, 13.5, 5], "texture": "#0"},
				"west": {"uv": [13, 5, 13.5, 5.5], "texture": "#0"},
				"up": {"uv": [6, 13.5, 5.5, 13], "texture": "#0"},
				"down": {"uv": [13.5, 5.5, 13, 6], "texture": "#0"}
			}
		},
		{
			"from": [9, 0, 3],
			"to": [11, 2, 5],
			"faces": {
				"north": {"uv": [2.5, 12, 3.5, 13], "texture": "#0"},
				"east": {"uv": [3.5, 12, 4.5, 13], "texture": "#0"},
				"south": {"uv": [10, 12, 11, 13], "texture": "#0"},
				"west": {"uv": [11, 12, 12, 13], "texture": "#0"},
				"up": {"uv": [13, 13, 12, 12], "texture": "#0"},
				"down": {"uv": [1, 12.5, 0, 13.5], "texture": "#0"}
			}
		},
		{
			"from": [7, 0, 7],
			"to": [8, 4, 8],
			"faces": {
				"north": {"uv": [4.5, 12, 5, 14], "texture": "#0"},
				"east": {"uv": [1, 12.5, 1.5, 14.5], "texture": "#0"},
				"south": {"uv": [1.5, 12.5, 2, 14.5], "texture": "#0"},
				"west": {"uv": [2, 12.5, 2.5, 14.5], "texture": "#0"},
				"up": {"uv": [3.5, 13.5, 3, 13], "texture": "#0"},
				"down": {"uv": [13.5, 3, 13, 3.5], "texture": "#0"}
			}
		},
		{
			"from": [12, 0, 5],
			"to": [13, 3, 6],
			"rotation": {"angle": -22.5, "axis": "y", "origin": [0, 0, 0]},
			"faces": {
				"north": {"uv": [2.5, 6, 3, 7.5], "texture": "#0"},
				"east": {"uv": [12.5, 3, 13, 4.5], "texture": "#0"},
				"south": {"uv": [12.5, 4.5, 13, 6], "texture": "#0"},
				"west": {"uv": [5, 12.5, 5.5, 14], "texture": "#0"},
				"up": {"uv": [4, 13.5, 3.5, 13], "texture": "#0"},
				"down": {"uv": [13.5, 3.5, 13, 4], "texture": "#0"}
			}
		},
		{
			"from": [-3, 5, 2],
			"to": [2, 7, 7],
			"rotation": {"angle": 45, "axis": "y", "origin": [0, 0, 0]},
			"faces": {
				"north": {"uv": [8, 6, 10.5, 7], "texture": "#0"},
				"east": {"uv": [0, 8.5, 2.5, 9.5], "texture": "#0"},
				"south": {"uv": [0, 9.5, 2.5, 10.5], "texture": "#0"},
				"west": {"uv": [2.5, 10, 5, 11], "texture": "#0"},
				"up": {"uv": [5.5, 2.5, 3, 0], "texture": "#0"},
				"down": {"uv": [5.5, 2.5, 3, 5], "texture": "#0"}
			}
		},
		{
			"from": [7, 2, 1],
			"to": [13, 5, 7],
			"faces": {
				"north": {"uv": [8, 0, 11, 1.5], "texture": "#0"},
				"east": {"uv": [8, 1.5, 11, 3], "texture": "#0"},
				"south": {"uv": [8, 3, 11, 4.5], "texture": "#0"},
				"west": {"uv": [8, 4.5, 11, 6], "texture": "#0"},
				"up": {"uv": [3, 3, 0, 0], "texture": "#0"},
				"down": {"uv": [3, 3, 0, 6], "texture": "#0"}
			}
		},
		{
			"from": [-4, 1, 10],
			"to": [1, 3, 15],
			"rotation": {"angle": 22.5, "axis": "y", "origin": [0, 0, 0]},
			"faces": {
				"north": {"uv": [5, 10, 7.5, 11], "texture": "#0"},
				"east": {"uv": [10, 7, 12.5, 8], "texture": "#0"},
				"south": {"uv": [7.5, 10, 10, 11], "texture": "#0"},
				"west": {"uv": [10, 8, 12.5, 9], "texture": "#0"},
				"up": {"uv": [5.5, 7.5, 3, 5], "texture": "#0"},
				"down": {"uv": [8, 0, 5.5, 2.5], "texture": "#0"}
			}
		},
		{
			"from": [10, 1, 9],
			"to": [15, 3, 14],
			"faces": {
				"north": {"uv": [10, 9, 12.5, 10], "texture": "#0"},
				"east": {"uv": [10, 10, 12.5, 11], "texture": "#0"},
				"south": {"uv": [0, 10.5, 2.5, 11.5], "texture": "#0"},
				"west": {"uv": [10.5, 6, 13, 7], "texture": "#0"},
				"up": {"uv": [8, 5, 5.5, 2.5], "texture": "#0"},
				"down": {"uv": [8, 5, 5.5, 7.5], "texture": "#0"}
			}
		},
		{
			"from": [5, 4, 5],
			"to": [10, 6, 10],
			"faces": {
				"north": {"uv": [11, 0, 13.5, 1], "texture": "#0"},
				"east": {"uv": [11, 1, 13.5, 2], "texture": "#0"},
				"south": {"uv": [11, 2, 13.5, 3], "texture": "#0"},
				"west": {"uv": [2.5, 11, 5, 12], "texture": "#0"},
				"up": {"uv": [2.5, 8.5, 0, 6], "texture": "#0"},
				"down": {"uv": [5, 7.5, 2.5, 10], "texture": "#0"}
			}
		},
		{
			"from": [6, 6, 6],
			"to": [9, 7, 9],
			"faces": {
				"north": {"uv": [8, 7, 9.5, 7.5], "texture": "#0"},
				"east": {"uv": [5.5, 12.5, 7, 13], "texture": "#0"},
				"south": {"uv": [12.5, 7, 14, 7.5], "texture": "#0"},
				"west": {"uv": [12.5, 7.5, 14, 8], "texture": "#0"},
				"up": {"uv": [12.5, 4.5, 11, 3], "texture": "#0"},
				"down": {"uv": [12.5, 4.5, 11, 6], "texture": "#0"}
			}
		},
		{
			"from": [10, 3, 3],
			"to": [15, 4, 8],
			"rotation": {"angle": -22.5, "axis": "y", "origin": [0, 0, 0]},
			"faces": {
				"north": {"uv": [10, 11, 12.5, 11.5], "texture": "#0"},
				"east": {"uv": [0, 11.5, 2.5, 12], "texture": "#0"},
				"south": {"uv": [10, 11.5, 12.5, 12], "texture": "#0"},
				"west": {"uv": [0, 12, 2.5, 12.5], "texture": "#0"},
				"up": {"uv": [7.5, 10, 5, 7.5], "texture": "#0"},
				"down": {"uv": [10, 7.5, 7.5, 10], "texture": "#0"}
			}
		},
		{
			"from": [11, 4, 4],
			"to": [14, 5, 7],
			"rotation": {"angle": -22.5, "axis": "y", "origin": [0, 0, 0]},
			"faces": {
				"north": {"uv": [12.5, 8, 14, 8.5], "texture": "#0"},
				"east": {"uv": [12.5, 8.5, 14, 9], "texture": "#0"},
				"south": {"uv": [12.5, 9, 14, 9.5], "texture": "#0"},
				"west": {"uv": [12.5, 9.5, 14, 10], "texture": "#0"},
				"up": {"uv": [6.5, 12.5, 5, 11], "texture": "#0"},
				"down": {"uv": [8, 11, 6.5, 12.5], "texture": "#0"}
			}
		}
	]
}