{
	"credit": "Created by Lily",
	"texture_size": [64, 64],
	"textures": {
		"0": "farmersdelight:block/red_mushroom_colony_stage3_dfx",
		"particle": "minecraft:block/red_mushroom"
	},
	"elements": [
		{
			"from": [9, 0, 5],
			"to": [13, 1, 8],
			"faces": {
				"north": {"uv": [9.75, 4.75, 10.75, 5], "texture": "#0"},
				"east": {"uv": [7.75, 1, 8.5, 1.25], "texture": "#0"},
				"south": {"uv": [9.75, 5, 10.75, 5.25], "texture": "#0"},
				"west": {"uv": [10, 1.25, 10.75, 1.5], "texture": "#0"},
				"up": {"uv": [8.75, 8.25, 7.75, 7.5], "texture": "#0"},
				"down": {"uv": [9, 6.25, 8, 7], "texture": "#0"}
			}
		},
		{
			"from": [2, 0, 3],
			"to": [6, 1, 6],
			"faces": {
				"north": {"uv": [5.25, 9.75, 6.25, 10], "texture": "#0"},
				"east": {"uv": [10, 1.5, 10.75, 1.75], "texture": "#0"},
				"south": {"uv": [9.75, 5.25, 10.75, 5.5], "texture": "#0"},
				"west": {"uv": [10, 1.75, 10.75, 2], "texture": "#0"},
				"up": {"uv": [5.75, 9, 4.75, 8.25], "texture": "#0"},
				"down": {"uv": [8.75, 8.25, 7.75, 9], "texture": "#0"}
			}
		},
		{
			"from": [2, 4, 3],
			"to": [6, 5, 7],
			"faces": {
				"north": {"uv": [3.5, 9.75, 4.5, 10], "texture": "#0"},
				"east": {"uv": [9.75, 4, 10.75, 4.25], "texture": "#0"},
				"south": {"uv": [9.75, 4.25, 10.75, 4.5], "texture": "#0"},
				"west": {"uv": [9.75, 4.5, 10.75, 4.75], "texture": "#0"},
				"up": {"uv": [2.5, 6, 1.5, 5], "texture": "#0"},
				"down": {"uv": [5.75, 7.25, 4.75, 8.25], "texture": "#0"}
			}
		},
		{
			"from": [5, 0, 7],
			"to": [10, 1, 12],
			"faces": {
				"north": {"uv": [8.5, 4, 9.75, 4.25], "texture": "#0"},
				"east": {"uv": [9.5, 7.25, 10.75, 7.5], "texture": "#0"},
				"south": {"uv": [9.5, 9, 10.75, 9.25], "texture": "#0"},
				"west": {"uv": [1.25, 9.75, 2.5, 10], "texture": "#0"},
				"up": {"uv": [7.25, 5.5, 6, 4.25], "texture": "#0"},
				"down": {"uv": [7.25, 5.5, 6, 6.75], "texture": "#0"}
			}
		},
		{
			"from": [6, 1, 7],
			"to": [10, 2, 11],
			"faces": {
				"north": {"uv": [10, 0.5, 11, 0.75], "texture": "#0"},
				"east": {"uv": [10, 0.75, 11, 1], "texture": "#0"},
				"south": {"uv": [10, 1, 11, 1.25], "texture": "#0"},
				"west": {"uv": [1.25, 10, 2.25, 10.25], "texture": "#0"},
				"up": {"uv": [1, 8.75, 0, 7.75], "texture": "#0"},
				"down": {"uv": [8.75, 0, 7.75, 1], "texture": "#0"}
			}
		},
		{
			"from": [7, 2, 9],
			"to": [9, 12, 11],
			"faces": {
				"north": {"uv": [3.25, 6.75, 3.75, 9.25], "texture": "#0"},
				"east": {"uv": [3.75, 7.25, 4.25, 9.75], "texture": "#0"},
				"south": {"uv": [4.25, 7.25, 4.75, 9.75], "texture": "#0"},
				"west": {"uv": [7.25, 4.25, 7.75, 6.75], "texture": "#0"},
				"up": {"uv": [4.5, 6.5, 4, 6], "texture": "#0"},
				"down": {"uv": [7.75, 8.5, 7.25, 9], "texture": "#0"}
			}
		},
		{
			"from": [6, 9, 8],
			"to": [10, 11, 12],
			"faces": {
				"north": {"uv": [4.75, 9, 5.75, 9.5], "texture": "#0"},
				"east": {"uv": [9, 6.25, 10, 6.75], "texture": "#0"},
				"south": {"uv": [7.25, 9, 8.25, 9.5], "texture": "#0"},
				"west": {"uv": [8.25, 9.25, 9.25, 9.75], "texture": "#0"},
				"up": {"uv": [2.25, 8.5, 1.25, 7.5], "texture": "#0"},
				"down": {"uv": [3.25, 7.5, 2.25, 8.5], "texture": "#0"}
			}
		},
		{
			"from": [0, 6, 1],
			"to": [8, 9, 9],
			"faces": {
				"north": {"uv": [6.5, 1.25, 8.5, 2], "texture": "#0"},
				"east": {"uv": [4, 6.5, 6, 7.25], "texture": "#0"},
				"south": {"uv": [1.25, 6.75, 3.25, 7.5], "texture": "#0"},
				"west": {"uv": [6, 6.75, 8, 7.5], "texture": "#0"},
				"up": {"uv": [4.5, 2, 2.5, 0], "texture": "#0"},
				"down": {"uv": [4.5, 2, 2.5, 4], "texture": "#0"}
			}
		},
		{
			"from": [1, 9, 2],
			"to": [7, 11, 8],
			"faces": {
				"north": {"uv": [8, 7, 9.5, 7.5], "texture": "#0"},
				"east": {"uv": [1, 8.5, 2.5, 9], "texture": "#0"},
				"south": {"uv": [8.5, 1, 10, 1.5], "texture": "#0"},
				"west": {"uv": [8.5, 1.5, 10, 2], "texture": "#0"},
				"up": {"uv": [6, 3.5, 4.5, 2], "texture": "#0"},
				"down": {"uv": [6, 3.5, 4.5, 5], "texture": "#0"}
			}
		},
		{
			"from": [3, 1, 4],
			"to": [5, 6, 6],
			"faces": {
				"north": {"uv": [2.5, 8.5, 3, 9.75], "texture": "#0"},
				"east": {"uv": [5.75, 8.5, 6.25, 9.75], "texture": "#0"},
				"south": {"uv": [6.25, 8.5, 6.75, 9.75], "texture": "#0"},
				"west": {"uv": [6.75, 8.5, 7.25, 9.75], "texture": "#0"},
				"up": {"uv": [3, 10.25, 2.5, 9.75], "texture": "#0"},
				"down": {"uv": [10.25, 5.5, 9.75, 6], "texture": "#0"}
			}
		},
		{
			"from": [9, 5, 4],
			"to": [15, 7, 10],
			"faces": {
				"north": {"uv": [8.5, 2, 10, 2.5], "texture": "#0"},
				"east": {"uv": [8.5, 2.5, 10, 3], "texture": "#0"},
				"south": {"uv": [8.5, 3, 10, 3.5], "texture": "#0"},
				"west": {"uv": [8.5, 3.5, 10, 4], "texture": "#0"},
				"up": {"uv": [1.5, 6.5, 0, 5], "texture": "#0"},
				"down": {"uv": [6, 5, 4.5, 6.5], "texture": "#0"}
			}
		},
		{
			"from": [10, 7, 5],
			"to": [14, 8, 9],
			"faces": {
				"north": {"uv": [9.75, 6, 10.75, 6.25], "texture": "#0"},
				"east": {"uv": [6.25, 9.75, 7.25, 10], "texture": "#0"},
				"south": {"uv": [8, 9.75, 9, 10], "texture": "#0"},
				"west": {"uv": [9.75, 9.25, 10.75, 9.5], "texture": "#0"},
				"up": {"uv": [6.75, 8.5, 5.75, 7.5], "texture": "#0"},
				"down": {"uv": [7.75, 7.5, 6.75, 8.5], "texture": "#0"}
			}
		},
		{
			"from": [11, 1, 6],
			"to": [13, 5, 8],
			"faces": {
				"north": {"uv": [3, 9.25, 3.5, 10.25], "texture": "#0"},
				"east": {"uv": [9.25, 9.25, 9.75, 10.25], "texture": "#0"},
				"south": {"uv": [0, 9.5, 0.5, 10.5], "texture": "#0"},
				"west": {"uv": [4.75, 9.5, 5.25, 10.5], "texture": "#0"},
				"up": {"uv": [10.25, 10, 9.75, 9.5], "texture": "#0"},
				"down": {"uv": [10.5, 0, 10, 0.5], "texture": "#0"}
			}
		},
		{
			"from": [5, 2, 5],
			"to": [10, 4, 10],
			"faces": {
				"north": {"uv": [8.75, 0, 10, 0.5], "texture": "#0"},
				"east": {"uv": [8.75, 0.5, 10, 1], "texture": "#0"},
				"south": {"uv": [8.75, 7.5, 10, 8], "texture": "#0"},
				"west": {"uv": [8.75, 8, 10, 8.5], "texture": "#0"},
				"up": {"uv": [1.25, 7.75, 0, 6.5], "texture": "#0"},
				"down": {"uv": [7.75, 0, 6.5, 1.25], "texture": "#0"}
			}
		},
		{
			"from": [6, 4, 6],
			"to": [9, 5, 9],
			"faces": {
				"north": {"uv": [10, 2, 10.75, 2.25], "texture": "#0"},
				"east": {"uv": [10, 2.25, 10.75, 2.5], "texture": "#0"},
				"south": {"uv": [10, 2.5, 10.75, 2.75], "texture": "#0"},
				"west": {"uv": [10, 2.75, 10.75, 3], "texture": "#0"},
				"up": {"uv": [0.75, 9.5, 0, 8.75], "texture": "#0"},
				"down": {"uv": [9.5, 8.5, 8.75, 9.25], "texture": "#0"}
			}
		},
		{
			"from": [11, 1, 4],
			"to": [14, 3, 7],
			"faces": {
				"north": {"uv": [9.5, 6.75, 10.25, 7.25], "texture": "#0"},
				"east": {"uv": [7.25, 9.5, 8, 10], "texture": "#0"},
				"south": {"uv": [9.5, 8.5, 10.25, 9], "texture": "#0"},
				"west": {"uv": [0.5, 9.75, 1.25, 10.25], "texture": "#0"},
				"up": {"uv": [1.5, 9.75, 0.75, 9], "texture": "#0"},
				"down": {"uv": [2.25, 9, 1.5, 9.75], "texture": "#0"}
			}
		},
		{
			"from": [12, 3, 5],
			"to": [13, 4, 6],
			"faces": {
				"north": {"uv": [1.25, 6.5, 1.5, 6.75], "texture": "#0"},
				"east": {"uv": [3.75, 6.75, 4, 7], "texture": "#0"},
				"south": {"uv": [3.75, 7, 4, 7.25], "texture": "#0"},
				"west": {"uv": [5.75, 7.25, 6, 7.5], "texture": "#0"},
				"up": {"uv": [1.25, 8, 1, 7.75], "texture": "#0"},
				"down": {"uv": [8, 6.25, 7.75, 6.5], "texture": "#0"}
			}
		},
		{
			"from": [3, 12, 5],
			"to": [13, 15, 15],
			"faces": {
				"north": {"uv": [1.5, 6, 4, 6.75], "texture": "#0"},
				"east": {"uv": [6, 2, 8.5, 2.75], "texture": "#0"},
				"south": {"uv": [6, 2.75, 8.5, 3.5], "texture": "#0"},
				"west": {"uv": [6, 3.5, 8.5, 4.25], "texture": "#0"},
				"up": {"uv": [2.5, 2.5, 0, 0], "texture": "#0"},
				"down": {"uv": [2.5, 2.5, 0, 5], "texture": "#0"}
			}
		},
		{
			"from": [4, 15, 6],
			"to": [12, 17, 14],
			"faces": {
				"north": {"uv": [7.75, 4.25, 9.75, 4.75], "texture": "#0"},
				"east": {"uv": [7.75, 4.75, 9.75, 5.25], "texture": "#0"},
				"south": {"uv": [7.75, 5.25, 9.75, 5.75], "texture": "#0"},
				"west": {"uv": [7.75, 5.75, 9.75, 6.25], "texture": "#0"},
				"up": {"uv": [4.5, 6, 2.5, 4], "texture": "#0"},
				"down": {"uv": [6.5, 0, 4.5, 2], "texture": "#0"}
			}
		}
	]
}