{
	"credit": "Created by Lily",
	"texture_size": [32, 32],
	"textures": {
		"0": "farmersdelight:block/red_mushroom_colony_stage1",
		"particle": "minecraft:block/red_mushroom"
	},
	"elements": [
		{
			"from": [4, 7, 6],
			"to": [12, 10, 14],
			"faces": {
				"north": {"uv": [7, 0, 11, 1.5], "texture": "#0"},
				"east": {"uv": [7, 1.5, 11, 3], "texture": "#0"},
				"south": {"uv": [7, 3, 11, 4.5], "texture": "#0"},
				"west": {"uv": [7, 4.5, 11, 6], "texture": "#0"},
				"up": {"uv": [4, 4, 0, 0], "texture": "#0"},
				"down": {"uv": [4, 4, 0, 8], "texture": "#0"}
			}
		},
		{
			"from": [5, 10, 7],
			"to": [11, 12, 13],
			"faces": {
				"north": {"uv": [8, 8.5, 11, 9.5], "texture": "#0"},
				"east": {"uv": [9, 6, 12, 7], "texture": "#0"},
				"south": {"uv": [9, 7, 12, 8], "texture": "#0"},
				"west": {"uv": [8, 9.5, 11, 10.5], "texture": "#0"},
				"up": {"uv": [7, 3, 4, 0], "texture": "#0"},
				"down": {"uv": [7, 3, 4, 6], "texture": "#0"}
			}
		},
		{
			"from": [7, 1, 9],
			"to": [9, 7, 11],
			"faces": {
				"north": {"uv": [0, 10, 1, 12.5], "texture": "#0"},
				"east": {"uv": [1, 10, 2, 12.5], "texture": "#0"},
				"south": {"uv": [2, 10, 3, 12.5], "texture": "#0"},
				"west": {"uv": [3, 10, 4, 12.5], "texture": "#0"},
				"up": {"uv": [13, 12.5, 12, 11.5], "texture": "#0"},
				"down": {"uv": [1, 12.5, 0, 13.5], "texture": "#0"}
			}
		},
		{
			"from": [6, 4, 8],
			"to": [10, 6, 12],
			"faces": {
				"north": {"uv": [11, 9.5, 13, 10.5], "texture": "#0"},
				"east": {"uv": [4, 11.5, 6, 12.5], "texture": "#0"},
				"south": {"uv": [6, 11.5, 8, 12.5], "texture": "#0"},
				"west": {"uv": [8, 11.5, 10, 12.5], "texture": "#0"},
				"up": {"uv": [2, 10, 0, 8], "texture": "#0"},
				"down": {"uv": [4, 8, 2, 10], "texture": "#0"}
			}
		},
		{
			"from": [9, 0, 6],
			"to": [11, 1, 8],
			"faces": {
				"north": {"uv": [11, 5.5, 12, 6], "texture": "#0"},
				"east": {"uv": [12.5, 9, 13.5, 9.5], "texture": "#0"},
				"south": {"uv": [9.5, 12.5, 10.5, 13], "texture": "#0"},
				"west": {"uv": [10.5, 12.5, 11.5, 13], "texture": "#0"},
				"up": {"uv": [2, 13.5, 1, 12.5], "texture": "#0"},
				"down": {"uv": [13.5, 1, 12.5, 2], "texture": "#0"}
			}
		},
		{
			"from": [6, 0, 8],
			"to": [9, 1, 11],
			"faces": {
				"north": {"uv": [9, 8, 10.5, 8.5], "texture": "#0"},
				"east": {"uv": [12, 7.5, 13.5, 8], "texture": "#0"},
				"south": {"uv": [5, 12.5, 6.5, 13], "texture": "#0"},
				"west": {"uv": [12.5, 5, 14, 5.5], "texture": "#0"},
				"up": {"uv": [12.5, 2.5, 11, 1], "texture": "#0"},
				"down": {"uv": [12.5, 2.5, 11, 4], "texture": "#0"}
			}
		},
		{
			"from": [3, 0, 4],
			"to": [5, 1, 6],
			"faces": {
				"north": {"uv": [5.5, 13, 6.5, 13.5], "texture": "#0"},
				"east": {"uv": [6.5, 13, 7.5, 13.5], "texture": "#0"},
				"south": {"uv": [7.5, 13, 8.5, 13.5], "texture": "#0"},
				"west": {"uv": [8.5, 13, 9.5, 13.5], "texture": "#0"},
				"up": {"uv": [3, 13.5, 2, 12.5], "texture": "#0"},
				"down": {"uv": [13.5, 2, 12.5, 3], "texture": "#0"}
			}
		},
		{
			"from": [4, 1, 5],
			"to": [5, 3, 6],
			"faces": {
				"north": {"uv": [11.5, 12.5, 12, 13.5], "texture": "#0"},
				"east": {"uv": [12, 12.5, 12.5, 13.5], "texture": "#0"},
				"south": {"uv": [12.5, 12.5, 13, 13.5], "texture": "#0"},
				"west": {"uv": [5, 13, 5.5, 14], "texture": "#0"},
				"up": {"uv": [11, 8.5, 10.5, 8], "texture": "#0"},
				"down": {"uv": [0.5, 13.5, 0, 14], "texture": "#0"}
			}
		},
		{
			"from": [2, 3, 3],
			"to": [7, 5, 8],
			"faces": {
				"north": {"uv": [4, 10.5, 6.5, 11.5], "texture": "#0"},
				"east": {"uv": [6.5, 10.5, 9, 11.5], "texture": "#0"},
				"south": {"uv": [9, 10.5, 11.5, 11.5], "texture": "#0"},
				"west": {"uv": [11, 0, 13.5, 1], "texture": "#0"},
				"up": {"uv": [6.5, 8.5, 4, 6], "texture": "#0"},
				"down": {"uv": [9, 6, 6.5, 8.5], "texture": "#0"}
			}
		},
		{
			"from": [3, 5, 4],
			"to": [6, 6, 7],
			"faces": {
				"north": {"uv": [6.5, 12.5, 8, 13], "texture": "#0"},
				"east": {"uv": [8, 12.5, 9.5, 13], "texture": "#0"},
				"south": {"uv": [12.5, 8, 14, 8.5], "texture": "#0"},
				"west": {"uv": [12.5, 8.5, 14, 9], "texture": "#0"},
				"up": {"uv": [12.5, 5.5, 11, 4], "texture": "#0"},
				"down": {"uv": [12.5, 8, 11, 9.5], "texture": "#0"}
			}
		},
		{
			"from": [9, 1, 5],
			"to": [13, 3, 9],
			"faces": {
				"north": {"uv": [10, 11.5, 12, 12.5], "texture": "#0"},
				"east": {"uv": [11.5, 10.5, 13.5, 11.5], "texture": "#0"},
				"south": {"uv": [12, 5.5, 14, 6.5], "texture": "#0"},
				"west": {"uv": [12, 6.5, 14, 7.5], "texture": "#0"},
				"up": {"uv": [6, 10.5, 4, 8.5], "texture": "#0"},
				"down": {"uv": [8, 8.5, 6, 10.5], "texture": "#0"}
			}
		},
		{
			"from": [10, 3, 6],
			"to": [12, 4, 8],
			"faces": {
				"north": {"uv": [13, 11.5, 14, 12], "texture": "#0"},
				"east": {"uv": [13, 12, 14, 12.5], "texture": "#0"},
				"south": {"uv": [13, 12.5, 14, 13], "texture": "#0"},
				"west": {"uv": [13, 13, 14, 13.5], "texture": "#0"},
				"up": {"uv": [5, 13.5, 4, 12.5], "texture": "#0"},
				"down": {"uv": [13.5, 4, 12.5, 5], "texture": "#0"}
			}
		}
	]
}