{
	"credit": "Created by Lily",
	"texture_size": [64, 64],
	"textures": {
		"0": "farmersdelight:block/red_mushroom_colony_stage2",
		"particle": "minecraft:block/red_mushroom"
	},
	"elements": [
		{
			"from": [9, 0, 6],
			"to": [13, 1, 8],
			"faces": {
				"north": {"uv": [0, 7.25, 1, 7.5], "texture": "#0"},
				"east": {"uv": [1, 6.5, 1.5, 6.75], "texture": "#0"},
				"south": {"uv": [7.25, 0, 8.25, 0.25], "texture": "#0"},
				"west": {"uv": [7.5, 1.5, 8, 1.75], "texture": "#0"},
				"up": {"uv": [7.25, 3.75, 6.25, 3.25], "texture": "#0"},
				"down": {"uv": [7.75, 1.75, 6.75, 2.25], "texture": "#0"}
			}
		},
		{
			"from": [2, 0, 3],
			"to": [5, 1, 6],
			"faces": {
				"north": {"uv": [4.75, 3.75, 5.5, 4], "texture": "#0"},
				"east": {"uv": [7.25, 5, 8, 5.25], "texture": "#0"},
				"south": {"uv": [7.25, 5.25, 8, 5.5], "texture": "#0"},
				"west": {"uv": [7.25, 5.5, 8, 5.75], "texture": "#0"},
				"up": {"uv": [6.75, 6.5, 6, 5.75], "texture": "#0"},
				"down": {"uv": [4.75, 6.25, 4, 7], "texture": "#0"}
			}
		},
		{
			"from": [6, 0, 8],
			"to": [9, 1, 11],
			"faces": {
				"north": {"uv": [5.75, 7.25, 6.5, 7.5], "texture": "#0"},
				"east": {"uv": [6.5, 7.25, 7.25, 7.5], "texture": "#0"},
				"south": {"uv": [7.25, 7.25, 8, 7.5], "texture": "#0"},
				"west": {"uv": [0, 7.5, 0.75, 7.75], "texture": "#0"},
				"up": {"uv": [5.5, 7, 4.75, 6.25], "texture": "#0"},
				"down": {"uv": [6.75, 6.5, 6, 7.25], "texture": "#0"}
			}
		},
		{
			"from": [7, 1, 9],
			"to": [9, 10, 11],
			"faces": {
				"north": {"uv": [2, 4.5, 2.5, 6.75], "texture": "#0"},
				"east": {"uv": [2.5, 4.5, 3, 6.75], "texture": "#0"},
				"south": {"uv": [3, 4.5, 3.5, 6.75], "texture": "#0"},
				"west": {"uv": [3.5, 4.75, 4, 7], "texture": "#0"},
				"up": {"uv": [1.5, 6.5, 1, 6], "texture": "#0"},
				"down": {"uv": [7.75, 0.25, 7.25, 0.75], "texture": "#0"}
			}
		},
		{
			"from": [6, 7, 8],
			"to": [10, 9, 12],
			"faces": {
				"north": {"uv": [6.75, 5.75, 7.75, 6.25], "texture": "#0"},
				"east": {"uv": [6.75, 6.25, 7.75, 6.75], "texture": "#0"},
				"south": {"uv": [6.75, 6.75, 7.75, 7.25], "texture": "#0"},
				"west": {"uv": [3.25, 7, 4.25, 7.5], "texture": "#0"},
				"up": {"uv": [5.75, 3.25, 4.75, 2.25], "texture": "#0"},
				"down": {"uv": [5, 4.75, 4, 5.75], "texture": "#0"}
			}
		},
		{
			"from": [4, 10, 6],
			"to": [12, 13, 14],
			"faces": {
				"north": {"uv": [0, 4, 2, 4.75], "texture": "#0"},
				"east": {"uv": [3.5, 4, 5.5, 4.75], "texture": "#0"},
				"south": {"uv": [0, 4.75, 2, 5.5], "texture": "#0"},
				"west": {"uv": [4.75, 1.5, 6.75, 2.25], "texture": "#0"},
				"up": {"uv": [2, 2, 0, 0], "texture": "#0"},
				"down": {"uv": [2, 2, 0, 4], "texture": "#0"}
			}
		},
		{
			"from": [5, 13, 7],
			"to": [11, 15, 13],
			"faces": {
				"north": {"uv": [4.75, 3.25, 6.25, 3.75], "texture": "#0"},
				"east": {"uv": [5, 1, 6.5, 1.5], "texture": "#0"},
				"south": {"uv": [0, 5.5, 1.5, 6], "texture": "#0"},
				"west": {"uv": [5.5, 3.75, 7, 4.25], "texture": "#0"},
				"up": {"uv": [3.5, 1.5, 2, 0], "texture": "#0"},
				"down": {"uv": [3.5, 1.5, 2, 3], "texture": "#0"}
			}
		},
		{
			"from": [3, 1, 4],
			"to": [5, 6, 6],
			"faces": {
				"north": {"uv": [1.5, 5.5, 2, 6.75], "texture": "#0"},
				"east": {"uv": [5.5, 5.75, 6, 7], "texture": "#0"},
				"south": {"uv": [0, 6, 0.5, 7.25], "texture": "#0"},
				"west": {"uv": [0.5, 6, 1, 7.25], "texture": "#0"},
				"up": {"uv": [7.75, 2.75, 7.25, 2.25], "texture": "#0"},
				"down": {"uv": [7.75, 2.75, 7.25, 3.25], "texture": "#0"}
			}
		},
		{
			"from": [1, 6, 2],
			"to": [7, 8, 8],
			"faces": {
				"north": {"uv": [5.5, 4.25, 7, 4.75], "texture": "#0"},
				"east": {"uv": [5.75, 2.25, 7.25, 2.75], "texture": "#0"},
				"south": {"uv": [5.75, 2.75, 7.25, 3.25], "texture": "#0"},
				"west": {"uv": [4, 5.75, 5.5, 6.25], "texture": "#0"},
				"up": {"uv": [3.5, 4.5, 2, 3], "texture": "#0"},
				"down": {"uv": [5, 0, 3.5, 1.5], "texture": "#0"}
			}
		},
		{
			"from": [2, 8, 3],
			"to": [6, 9, 7],
			"faces": {
				"north": {"uv": [7.25, 0.75, 8.25, 1], "texture": "#0"},
				"east": {"uv": [7.25, 3.25, 8.25, 3.5], "texture": "#0"},
				"south": {"uv": [7.25, 3.5, 8.25, 3.75], "texture": "#0"},
				"west": {"uv": [7.25, 4.75, 8.25, 5], "texture": "#0"},
				"up": {"uv": [6, 1, 5, 0], "texture": "#0"},
				"down": {"uv": [6, 4.75, 5, 5.75], "texture": "#0"}
			}
		},
		{
			"from": [11, 1, 6],
			"to": [12, 3, 7],
			"faces": {
				"north": {"uv": [6.5, 1, 6.75, 1.5], "texture": "#0"},
				"east": {"uv": [2.25, 7.5, 2.5, 8], "texture": "#0"},
				"south": {"uv": [2.5, 7.5, 2.75, 8], "texture": "#0"},
				"west": {"uv": [2.75, 7.5, 3, 8], "texture": "#0"},
				"up": {"uv": [3.5, 7, 3.25, 6.75], "texture": "#0"},
				"down": {"uv": [6, 7, 5.75, 7.25], "texture": "#0"}
			}
		},
		{
			"from": [9, 3, 4],
			"to": [14, 5, 9],
			"faces": {
				"north": {"uv": [6, 0, 7.25, 0.5], "texture": "#0"},
				"east": {"uv": [6, 0.5, 7.25, 1], "texture": "#0"},
				"south": {"uv": [6, 4.75, 7.25, 5.25], "texture": "#0"},
				"west": {"uv": [6, 5.25, 7.25, 5.75], "texture": "#0"},
				"up": {"uv": [4.75, 2.75, 3.5, 1.5], "texture": "#0"},
				"down": {"uv": [4.75, 2.75, 3.5, 4], "texture": "#0"}
			}
		},
		{
			"from": [10, 5, 5],
			"to": [13, 6, 8],
			"faces": {
				"north": {"uv": [0.75, 7.5, 1.5, 7.75], "texture": "#0"},
				"east": {"uv": [7.5, 1, 8.25, 1.25], "texture": "#0"},
				"south": {"uv": [7.5, 1.25, 8.25, 1.5], "texture": "#0"},
				"west": {"uv": [1.5, 7.5, 2.25, 7.75], "texture": "#0"},
				"up": {"uv": [1.75, 7.5, 1, 6.75], "texture": "#0"},
				"down": {"uv": [7.5, 1, 6.75, 1.75], "texture": "#0"}
			}
		},
		{
			"from": [5, 1, 7],
			"to": [8, 3, 10],
			"faces": {
				"north": {"uv": [7, 3.75, 7.75, 4.25], "texture": "#0"},
				"east": {"uv": [4.25, 7, 5, 7.5], "texture": "#0"},
				"south": {"uv": [7, 4.25, 7.75, 4.75], "texture": "#0"},
				"west": {"uv": [5, 7, 5.75, 7.5], "texture": "#0"},
				"up": {"uv": [2.5, 7.5, 1.75, 6.75], "texture": "#0"},
				"down": {"uv": [3.25, 6.75, 2.5, 7.5], "texture": "#0"}
			}
		},
		{
			"from": [6, 3, 8],
			"to": [7, 4, 9],
			"faces": {
				"north": {"uv": [3, 7.5, 3.25, 7.75], "texture": "#0"},
				"east": {"uv": [3.25, 7.5, 3.5, 7.75], "texture": "#0"},
				"south": {"uv": [3.5, 7.5, 3.75, 7.75], "texture": "#0"},
				"west": {"uv": [3.75, 7.5, 4, 7.75], "texture": "#0"},
				"up": {"uv": [4.25, 7.75, 4, 7.5], "texture": "#0"},
				"down": {"uv": [4.5, 7.5, 4.25, 7.75], "texture": "#0"}
			}
		}
	]
}