{
	"credit": "Created by Lily",
	"texture_size": [32, 32],
	"textures": {
		"0": "farmersdelight:block/red_mushroom_colony_stage0",
		"particle": "minecraft:block/red_mushroom"
	},
	"elements": [
		{
			"from": [7, 0, 7],
			"to": [9, 5, 9],
			"faces": {
				"north": {"uv": [3, 8, 4, 10.5], "texture": "#0"},
				"east": {"uv": [4, 8.5, 5, 11], "texture": "#0"},
				"south": {"uv": [5, 8.5, 6, 11], "texture": "#0"},
				"west": {"uv": [6, 8.5, 7, 11], "texture": "#0"},
				"up": {"uv": [10.5, 7.5, 9.5, 6.5], "texture": "#0"},
				"down": {"uv": [9.5, 9.5, 8.5, 10.5], "texture": "#0"}
			}
		},
		{
			"from": [6, 0, 10],
			"to": [8, 1, 12],
			"faces": {
				"north": {"uv": [7, 5.5, 8, 6], "texture": "#0"},
				"east": {"uv": [8, 7, 9, 7.5], "texture": "#0"},
				"south": {"uv": [10, 4.5, 11, 5], "texture": "#0"},
				"west": {"uv": [10, 5, 11, 5.5], "texture": "#0"},
				"up": {"uv": [10.5, 10.5, 9.5, 9.5], "texture": "#0"},
				"down": {"uv": [1, 10, 0, 11], "texture": "#0"}
			}
		},
		{
			"from": [11, 0, 4],
			"to": [13, 1, 6],
			"faces": {
				"north": {"uv": [7, 10, 8, 10.5], "texture": "#0"},
				"east": {"uv": [10, 7.5, 11, 8], "texture": "#0"},
				"south": {"uv": [10, 8, 11, 8.5], "texture": "#0"},
				"west": {"uv": [10, 8.5, 11, 9], "texture": "#0"},
				"up": {"uv": [2, 11, 1, 10], "texture": "#0"},
				"down": {"uv": [3, 10, 2, 11], "texture": "#0"}
			}
		},
		{
			"from": [4, 5, 4],
			"to": [12, 8, 12],
			"faces": {
				"north": {"uv": [4, 6, 8, 7.5], "texture": "#0"},
				"east": {"uv": [7, 0, 11, 1.5], "texture": "#0"},
				"south": {"uv": [7, 1.5, 11, 3], "texture": "#0"},
				"west": {"uv": [7, 3, 11, 4.5], "texture": "#0"},
				"up": {"uv": [4, 4, 0, 0], "texture": "#0"},
				"down": {"uv": [4, 4, 0, 8], "texture": "#0"}
			}
		},
		{
			"from": [5, 8, 5],
			"to": [11, 10, 11],
			"faces": {
				"north": {"uv": [7, 4.5, 10, 5.5], "texture": "#0"},
				"east": {"uv": [4, 7.5, 7, 8.5], "texture": "#0"},
				"south": {"uv": [7, 7.5, 10, 8.5], "texture": "#0"},
				"west": {"uv": [0, 8, 3, 9], "texture": "#0"},
				"up": {"uv": [7, 3, 4, 0], "texture": "#0"},
				"down": {"uv": [7, 3, 4, 6], "texture": "#0"}
			}
		},
		{
			"from": [4, 0, 3],
			"to": [5, 1, 4],
			"faces": {
				"north": {"uv": [9, 7, 9.5, 7.5], "texture": "#0"},
				"east": {"uv": [8, 10, 8.5, 10.5], "texture": "#0"},
				"south": {"uv": [10, 9, 10.5, 9.5], "texture": "#0"},
				"west": {"uv": [3, 10.5, 3.5, 11], "texture": "#0"},
				"up": {"uv": [4, 11, 3.5, 10.5], "texture": "#0"},
				"down": {"uv": [11, 6.5, 10.5, 7], "texture": "#0"}
			}
		},
		{
			"from": [3, 1, 2],
			"to": [6, 3, 5],
			"faces": {
				"north": {"uv": [8.5, 8.5, 10, 9.5], "texture": "#0"},
				"east": {"uv": [0, 9, 1.5, 10], "texture": "#0"},
				"south": {"uv": [1.5, 9, 3, 10], "texture": "#0"},
				"west": {"uv": [9.5, 5.5, 11, 6.5], "texture": "#0"},
				"up": {"uv": [9.5, 7, 8, 5.5], "texture": "#0"},
				"down": {"uv": [8.5, 8.5, 7, 10], "texture": "#0"}
			}
		},
		{
			"from": [4, 3, 3],
			"to": [5, 4, 4],
			"faces": {
				"north": {"uv": [7, 10.5, 7.5, 11], "texture": "#0"},
				"east": {"uv": [10.5, 7, 11, 7.5], "texture": "#0"},
				"south": {"uv": [7.5, 10.5, 8, 11], "texture": "#0"},
				"west": {"uv": [8, 10.5, 8.5, 11], "texture": "#0"},
				"up": {"uv": [9, 11, 8.5, 10.5], "texture": "#0"},
				"down": {"uv": [9.5, 10.5, 9, 11], "texture": "#0"}
			}
		}
	]
}