{
	"credit": "Made with Blockbench",
	"texture_size": [32, 32],
	"textures": {
		"0": "block/smaragdant",
		"particle": "block/smaragdant_crystal"
	},
	"elements": [
		{
			"from": [6, 0, 6],
			"to": [10, 11, 10],
			"faces": {
				"north": {"uv": [0, 0, 2, 5.5], "texture": "#0"},
				"east": {"uv": [2, 0, 4, 5.5], "texture": "#0"},
				"south": {"uv": [4, 0, 6, 5.5], "texture": "#0"},
				"west": {"uv": [0, 5.5, 2, 11], "texture": "#0"},
				"up": {"uv": [4, 7.5, 2, 5.5], "texture": "#0"},
				"down": {"uv": [6, 5.5, 4, 7.5], "texture": "#0", "cullface": "down"}
			}
		},
		{
			"from": [7, 10, 5],
			"to": [11, 14, 9],
			"faces": {
				"north": {"uv": [6, 0, 8, 2], "texture": "#0"},
				"east": {"uv": [6, 2, 8, 4], "texture": "#0"},
				"south": {"uv": [6, 4, 8, 6], "texture": "#0"},
				"west": {"uv": [6, 6, 8, 8], "texture": "#0"},
				"up": {"uv": [4, 9.5, 2, 7.5], "texture": "#0"},
				"down": {"uv": [6, 7.5, 4, 9.5], "texture": "#0"}
			}
		},
		{
			"from": [7, -3, 5],
			"to": [9, 5, 7],
			"rotation": {"angle": -22.5, "axis": "x", "origin": [0, 0, 0]},
			"faces": {
				"north": {"uv": [8, 0, 9, 4], "texture": "#0"},
				"east": {"uv": [8, 4, 9, 8], "texture": "#0"},
				"south": {"uv": [6, 8, 7, 12], "texture": "#0"},
				"west": {"uv": [7, 8, 8, 12], "texture": "#0"},
				"up": {"uv": [1, 12, 0, 11], "texture": "#0"},
				"down": {"uv": [12, 0, 11, 1], "texture": "#0", "cullface": "down"}
			}
		},
		{
			"from": [4, -5, 7],
			"to": [6, 1, 9],
			"rotation": {"angle": 45, "axis": "z", "origin": [0, 0, 0]},
			"faces": {
				"north": {"uv": [2, 9.5, 3, 12.5], "texture": "#0"},
				"east": {"uv": [3, 9.5, 4, 12.5], "texture": "#0"},
				"south": {"uv": [4, 9.5, 5, 12.5], "texture": "#0"},
				"west": {"uv": [5, 9.5, 6, 12.5], "texture": "#0"},
				"up": {"uv": [2, 12, 1, 11], "texture": "#0"},
				"down": {"uv": [12, 1, 11, 2], "texture": "#0", "cullface": "down"}
			}
		},
		{
			"from": [5, 7, 7],
			"to": [7, 13, 9],
			"rotation": {"angle": -45, "axis": "z", "origin": [0, 0, 0]},
			"faces": {
				"north": {"uv": [10, 0, 11, 3], "texture": "#0"},
				"east": {"uv": [10, 3, 11, 6], "texture": "#0"},
				"south": {"uv": [10, 6, 11, 9], "texture": "#0"},
				"west": {"uv": [10, 9, 11, 12], "texture": "#0"},
				"up": {"uv": [12, 3, 11, 2], "texture": "#0"},
				"down": {"uv": [12, 3, 11, 4], "texture": "#0", "cullface": "down"}
			}
		},
		{
			"from": [7, 3, 8],
			"to": [9, 11, 10],
			"rotation": {"angle": 22.5, "axis": "x", "origin": [0, 0, 0]},
			"faces": {
				"north": {"uv": [8, 8, 9, 12], "texture": "#0"},
				"east": {"uv": [9, 0, 10, 4], "texture": "#0"},
				"south": {"uv": [9, 4, 10, 8], "texture": "#0"},
				"west": {"uv": [9, 8, 10, 12], "texture": "#0"},
				"up": {"uv": [12, 5, 11, 4], "texture": "#0"},
				"down": {"uv": [12, 5, 11, 6], "texture": "#0", "cullface": "down"}
			}
		},
		{
			"from": [6, 12, 6],
			"to": [8, 14, 8],
			"rotation": {"angle": -45, "axis": "z", "origin": [0, 0, 0]},
			"faces": {
				"north": {"uv": [11, 6, 12, 7], "texture": "#0"},
				"east": {"uv": [11, 7, 12, 8], "texture": "#0"},
				"south": {"uv": [11, 8, 12, 9], "texture": "#0"},
				"west": {"uv": [11, 9, 12, 10], "texture": "#0"},
				"up": {"uv": [12, 11, 11, 10], "texture": "#0"},
				"down": {"uv": [12, 11, 11, 12], "texture": "#0"}
			}
		},
		{
			"from": [8, 10, 9],
			"to": [10, 12, 11],
			"rotation": {"angle": 22.5, "axis": "x", "origin": [0, 0, 0]},
			"faces": {
				"north": {"uv": [0, 12, 1, 13], "texture": "#0"},
				"east": {"uv": [12, 0, 13, 1], "texture": "#0"},
				"south": {"uv": [1, 12, 2, 13], "texture": "#0"},
				"west": {"uv": [12, 1, 13, 2], "texture": "#0"},
				"up": {"uv": [13, 3, 12, 2], "texture": "#0"},
				"down": {"uv": [13, 3, 12, 4], "texture": "#0"}
			}
		},
		{
			"from": [3, 0, 8],
			"to": [5, 2, 10],
			"rotation": {"angle": 45, "axis": "z", "origin": [0, 0, 0]},
			"faces": {
				"north": {"uv": [12, 4, 13, 5], "texture": "#0"},
				"east": {"uv": [12, 5, 13, 6], "texture": "#0"},
				"south": {"uv": [6, 12, 7, 13], "texture": "#0"},
				"west": {"uv": [12, 6, 13, 7], "texture": "#0"},
				"up": {"uv": [8, 13, 7, 12], "texture": "#0"},
				"down": {"uv": [13, 7, 12, 8], "texture": "#0"}
			}
		},
		{
			"from": [6, 4, 4],
			"to": [8, 6, 6],
			"rotation": {"angle": -22.5, "axis": "x", "origin": [0, 0, 0]},
			"faces": {
				"north": {"uv": [8, 12, 9, 13], "texture": "#0"},
				"east": {"uv": [12, 8, 13, 9], "texture": "#0"},
				"south": {"uv": [9, 12, 10, 13], "texture": "#0"},
				"west": {"uv": [12, 9, 13, 10], "texture": "#0"},
				"up": {"uv": [11, 13, 10, 12], "texture": "#0"},
				"down": {"uv": [13, 10, 12, 11], "texture": "#0"}
			}
		}
	]
}